date,max_demand_met_mw,day_of_week,month,is_weekend,is_festival,is_pre,is_post,festival_name,lag_1,lag_2,lag_3,lag_7,lag_14,lag_30,rolling_mean_7,rolling_std_7,rolling_mean_14,rolling_mean_30,rolling_std_30,trend_7d,trend_30d,month_sin,month_cos,dow_sin,dow_cos,quarter_sin,quarter_cos,woy_sin,woy_cos,is_month_start,is_month_end,regime_raw,regime,rp_0,rp_1,rp_2,rp_3,pred_q10,pred_q50,pred_q90,pi_width,abs_error
2025-10-24,197085.0,4,10,0,0.0,0.0,1.0,Govardhan Puja,190183.0,182216.0,176506.0,209673.0,205917.0,226825.0,190684.57142857142,12481.544974577208,198553.42857142858,206299.63333333333,14338.517175494664,-2784.285714285714,-1221.4,-0.8660254037844386,0.5000000000000001,-0.433883739117558,-0.9009688679024191,-2.4492935982947064e-16,1.0,-0.8854560256532101,0.464723172043768,0,0,0,2.0,0.0,0.0,0.1,0.9,191922.421875,195258.84,202321.75,10399.328125,1826.15625
2025-10-25,198249.0,5,10,1,0.0,0.0,0.0,none,197085.0,190183.0,182216.0,204435.0,206278.0,229159.0,188886.2857142857,9937.320526082858,197922.57142857142,205308.3,13891.619535557835,-1050.0,-1069.1333333333334,-0.8660254037844386,0.5000000000000001,-0.9749279121818236,-0.2225209339563146,-2.4492935982947064e-16,1.0,-0.8854560256532101,0.464723172043768,0,0,2,3.0,0.0,0.0,0.08333333333333333,0.9166666666666666,193406.21875,196273.55,201196.265625,7790.046875,1975.453125
2025-10-26,185956.0,6,10,1,0.0,0.0,0.0,none,198249.0,197085.0,190183.0,191639.0,194447.0,228599.0,188002.57142857142,8494.442121316344,197349.07142857142,204277.96666666667,13190.207873929608,944.2857142857143,-1011.6666666666666,-0.8660254037844386,0.5000000000000001,-0.7818314824680299,0.6234898018587334,-2.4492935982947064e-16,1.0,-0.8854560256532101,0.464723172043768,0,0,2,3.0,0.0,0.0,0.05333333333333334,0.9466666666666667,189137.03125,190109.08,199275.71875,10138.6875,4153.078125
2025-10-27,189372.0,0,10,0,0.0,0.0,0.0,none,185956.0,198249.0,197085.0,180140.0,209433.0,224157.0,187190.7142857143,8359.4690763294,196742.57142857142,202856.53333333333,12769.891241762458,830.8571428571429,-1273.3666666666666,-0.8660254037844386,0.5000000000000001,0.0,1.0,-2.4492935982947064e-16,1.0,-0.822983865893657,0.5680647467311548,0,0,2,3.0,0.0033333333333333335,0.0,0.05,0.9466666666666667,185268.0,192321.98,202540.78125,17272.78125,2949.984375
2025-10-28,188905.0,1,10,0,0.0,0.0,0.0,none,189372.0,185956.0,198249.0,176506.0,209109.0,222737.0,188509.57142857142,7769.106402008326,195309.64285714287,201697.03333333333,12341.160593394767,1838.0,-1112.1666666666667,-0.8660254037844386,0.5000000000000001,0.7818314824680298,0.6234898018587336,-2.4492935982947064e-16,1.0,-0.822983865893657,0.5680647467311548,0,1,2,3.0,0.0,0.0,0.043333333333333335,0.9566666666666667,194051.078125,194242.16,200217.40625,6166.328125,5337.15625
2025-10-29,191246.0,2,10,0,0.0,0.0,0.0,none,188905.0,189372.0,185956.0,182216.0,209062.0,214305.0,190280.85714285713,5719.302854620471,193866.5,200569.3,11889.760219588841,955.5714285714286,-846.6666666666666,-0.8660254037844386,0.5000000000000001,0.9749279121818236,-0.22252093395631434,-2.4492935982947064e-16,1.0,-0.822983865893657,0.5680647467311548,0,1,2,3.0,0.0,0.0,0.03,0.97,193783.8125,193959.11,199345.1875,5561.375,2713.109375
2025-10-30,191290.0,3,10,0,0.0,0.0,0.0,none,191246.0,188905.0,189372.0,190183.0,210710.0,226562.0,191570.85714285713,4481.50701693862,192593.92857142858,199800.66666666666,11715.236316610546,151.85714285714286,-1177.2,-0.8660254037844386,0.5000000000000001,0.43388373911755823,-0.900968867902419,-2.4492935982947064e-16,1.0,-0.822983865893657,0.5680647467311548,0,1,2,3.0,0.0033333333333333335,0.0,0.01,0.9866666666666667,192272.703125,193880.28,200083.34375,7810.640625,2590.28125
2025-10-31,191223.0,4,10,0,0.0,0.0,0.0,none,191290.0,191246.0,188905.0,197085.0,209673.0,215607.0,191729.0,4443.742791838089,191206.7857142857,198624.93333333332,10659.216694820272,-827.8571428571429,-810.5666666666667,-0.8660254037844386,0.5000000000000001,-0.433883739117558,-0.9009688679024191,-2.4492935982947064e-16,1.0,-0.822983865893657,0.5680647467311548,0,1,2,3.0,0.0,0.0,0.013333333333333334,0.9866666666666667,192044.953125,192348.95,199670.828125,7625.875,1125.953125
2025-11-01,189169.0,5,11,1,0.0,0.0,0.0,none,191223.0,191290.0,191246.0,198249.0,204435.0,205145.0,190891.57142857142,3766.992472215346,189888.92857142858,197812.13333333333,10241.105189326987,-1003.7142857142857,-464.06666666666666,-0.5000000000000004,0.8660254037844384,-0.9749279121818236,-0.2225209339563146,-2.4492935982947064e-16,1.0,-0.822983865893657,0.5680647467311548,1,0,2,3.0,0.0,0.0,0.0,1.0,187917.859375,189217.17,198735.109375,10817.25,48.171875
2025-11-02,181349.0,6,11,1,0.0,0.0,0.0,none,189169.0,191223.0,191290.0,185956.0,191639.0,185917.0,189594.42857142858,1923.487878584145,188798.5,197279.6,10262.002051761387,459.0,108.4,-0.5000000000000004,0.8660254037844384,-0.7818314824680299,0.6234898018587334,-2.4492935982947064e-16,1.0,-0.822983865893657,0.5680647467311548,1,0,2,3.0,0.0,0.0,0.0,1.0,186282.359375,187079.25,197541.890625,11259.53125,5730.25
2025-11-03,196751.0,0,11,0,0.0,1.0,0.0,Guru Nanak Jayanti,181349.0,189169.0,191223.0,189372.0,180140.0,208698.0,188936.2857142857,3509.883650223703,188063.5,197127.33333333334,10468.230560007813,-1146.142857142857,-911.6333333333333,-0.5000000000000004,0.8660254037844384,0.0,1.0,-2.4492935982947064e-16,1.0,-0.7485107481711011,0.6631226582407952,1,0,2,3.0,0.0,0.0,0.0,1.0,175273.65625,180214.02,199946.4375,24672.78125,16536.984375
2025-11-04,195965.0,1,11,0,0.0,1.0,0.0,Guru Nanak Jayanti,196751.0,181349.0,189169.0,188905.0,176506.0,207987.0,189990.42857142858,4601.034153940486,189250.0,196729.1,10237.583373750535,1120.857142857143,-374.53333333333336,-0.5000000000000004,0.8660254037844384,0.7818314824680298,0.6234898018587336,-2.4492935982947064e-16,1.0,-0.7485107481711011,0.6631226582407952,0,0,2,3.0,0.0,0.0,0.0,1.0,193775.03125,195041.52,200590.671875,6815.640625,923.484375
2025-11-05,196314.0,2,11,0,1.0,0.0,0.0,none,195965.0,196751.0,181349.0,191246.0,182216.0,195611.0,190999.0,5073.03206508159,190639.92857142858,196328.36666666667,10014.57766246197,674.1428571428571,11.8,-0.5000000000000004,0.8660254037844384,0.9749279121818236,-0.22252093395631434,-2.4492935982947064e-16,1.0,-0.7485107481711011,0.6631226582407952,0,0,2,3.0,0.0,0.0,0.0,1.0,191603.578125,195456.94,200893.546875,9289.96875,857.0625
2025-11-06,196009.0,3,11,0,0.0,0.0,1.0,Guru Nanak Jayanti,196314.0,195965.0,196751.0,191290.0,190183.0,204523.0,191723.0,5460.966184355965,191646.92857142858,196351.8,10013.663639042059,717.7142857142857,-273.6333333333333,-0.5000000000000004,0.8660254037844384,0.43388373911755823,-0.900968867902419,-2.4492935982947064e-16,1.0,-0.7485107481711011,0.6631226582407952,0,0,2,3.0,0.0,0.0,0.0,1.0,195852.296875,198574.48,201658.140625,5805.84375,2565.484375
2025-11-07,195368.0,4,11,0,0.0,0.0,1.0,Guru Nanak Jayanti,196009.0,196314.0,195965.0,191223.0,197085.0,206129.0,192397.14285714287,5685.272448136198,192063.07142857142,196068.0,9894.029990266208,683.7142857142857,-337.3333333333333,-0.5000000000000004,0.8660254037844384,-0.433883739117558,-0.9009688679024191,-2.4492935982947064e-16,1.0,-0.7485107481711011,0.6631226582407952,0,0,2,3.0,0.0,0.0,0.0,1.0,195715.375,199234.19,201677.421875,5962.046875,3866.1875
2025-11-08,193177.0,5,11,1,0.0,0.0,0.0,none,195368.0,196009.0,196314.0,189169.0,198249.0,207280.0,192989.2857142857,5757.992784362856,191940.42857142858,195709.3,9710.054089661377,885.5714285714286,-397.06666666666666,-0.5000000000000004,0.8660254037844384,-0.9749279121818236,-0.2225209339563146,-2.4492935982947064e-16,1.0,-0.7485107481711011,0.6631226582407952,0,0,2,3.0,0.0,0.0,0.0,1.0,191042.875,194286.78,200765.171875,9722.296875,1109.78125
2025-11-09,178793.0,6,11,1,0.0,0.0,0.0,none,193177.0,195368.0,196009.0,181349.0,185956.0,205917.0,193561.85714285713,5508.670027892696,191578.14285714287,195239.2,9468.952872961034,1689.7142857142858,-424.6666666666667,-0.5000000000000004,0.8660254037844384,-0.7818314824680299,0.6234898018587334,-2.4492935982947064e-16,1.0,-0.7485107481711011,0.6631226582407952,0,0,2,3.0,0.0,0.0,0.0,1.0,186959.296875,187589.02,197763.859375,10804.5625,8796.015625
2025-11-11,197375.0,1,11,0,0.0,0.0,0.0,none,178793.0,193177.0,195368.0,196751.0,189372.0,206278.0,193196.7142857143,6456.322862494928,191066.5,194335.06666666668,9706.217978373003,-2565.4285714285716,-916.1666666666666,-0.5000000000000004,0.8660254037844384,0.7818314824680298,0.6234898018587336,-2.4492935982947064e-16,1.0,-0.6631226582407955,0.7485107481711007,0,0,2,3.0,0.0,0.0,0.0,1.0,176014.546875,178687.75,199328.171875,23313.625,18687.25
2025-11-12,196881.0,2,11,0,0.0,0.0,0.0,none,197375.0,178793.0,193177.0,195965.0,188905.0,194447.0,193285.85714285713,6517.593227273644,191638.14285714287,194038.3,9461.49142632166,201.42857142857142,97.6,-0.5000000000000004,0.8660254037844384,0.9749279121818236,-0.22252093395631434,-2.4492935982947064e-16,1.0,-0.6631226582407955,0.7485107481711007,0,0,2,3.0,0.0,0.0,0.0033333333333333335,0.9966666666666667,196132.65625,197846.84,200876.0625,4743.40625,965.84375
2025-11-13,200195.0,3,11,0,0.0,0.0,0.0,none,196881.0,197375.0,178793.0,196314.0,191246.0,209433.0,193416.7142857143,6589.151556771786,192207.85714285713,194119.43333333332,9475.542399845917,81.0,-418.4,-0.5000000000000004,0.8660254037844384,0.43388373911755823,-0.900968867902419,-2.4492935982947064e-16,1.0,-0.6631226582407955,0.7485107481711007,0,0,2,3.0,0.0,0.0,0.0,1.0,195733.25,197731.88,201474.078125,5740.828125,2463.125
2025-11-14,199057.0,4,11,0,0.0,0.0,0.0,none,200195.0,196881.0,197375.0,196009.0,191290.0,209109.0,193971.14285714287,7022.5905103603545,192847.07142857142,193811.5,9103.530401765887,598.0,-297.1333333333333,-0.5000000000000004,0.8660254037844384,-0.433883739117558,-0.9009688679024191,-2.4492935982947064e-16,1.0,-0.6631226582407955,0.7485107481711007,0,0,2,3.0,0.0,0.0,0.0,1.0,196735.53125,201520.3,203841.796875,7106.265625,2463.296875
2025-11-15,197020.0,5,11,1,0.0,0.0,0.0,none,199057.0,200195.0,196881.0,195368.0,191223.0,209062.0,194406.57142857142,7260.470137605448,193401.85714285713,193476.43333333332,8696.982000050906,527.0,-333.5,-0.5000000000000004,0.8660254037844384,-0.9749279121818236,-0.2225209339563146,-2.4492935982947064e-16,1.0,-0.6631226582407955,0.7485107481711007,0,0,2,3.0,0.0,0.0,0.0,1.0,193794.328125,197672.25,201821.078125,8026.75,652.25
2025-11-16,187958.0,6,11,1,0.0,0.0,0.0,none,197020.0,199057.0,200195.0,193177.0,189169.0,210710.0,194642.57142857142,7323.504986393275,193815.92857142858,193075.03333333333,8217.518500691673,549.0,-456.3333333333333,-0.5000000000000004,0.8660254037844384,-0.7818314824680299,0.6234898018587334,-2.4492935982947064e-16,1.0,-0.6631226582407955,0.7485107481711007,0,0,2,3.0,0.0,0.0,0.0,1.0,189991.046875,190644.83,199089.359375,9098.3125,2686.828125
2025-11-17,197064.0,0,11,0,0.0,0.0,0.0,none,187958.0,197020.0,199057.0,178793.0,181349.0,209673.0,193897.0,7750.7721120767155,193729.42857142858,192316.63333333333,7557.224364957959,1309.2857142857142,-723.8333333333334,-0.5000000000000004,0.8660254037844384,0.0,1.0,-2.4492935982947064e-16,1.0,-0.5680647467311559,0.8229838658936564,0,0,2,3.0,0.0,0.0,0.0,1.0,193357.40625,195363.4,201176.609375,7819.203125,1700.59375
2025-11-18,198174.0,1,11,0,0.0,0.0,0.0,none,197064.0,187958.0,197020.0,197375.0,196751.0,204435.0,196507.14285714287,3971.900528655868,194851.92857142858,191896.33333333334,6878.833167561363,-44.42857142857143,-245.7,-0.5000000000000004,0.8660254037844384,0.7818314824680298,0.6234898018587336,-2.4492935982947064e-16,1.0,-0.5680647467311559,0.8229838658936564,0,0,2,3.0,0.0,0.0,0.0,1.0,195839.5,196125.44,202069.3125,6229.8125,2048.5625
2025-11-19,199714.0,2,11,0,0.0,0.0,0.0,none,198174.0,197064.0,187958.0,196881.0,195965.0,191639.0,196621.2857142857,4012.2728269782706,194953.57142857142,191687.63333333333,6573.500334984328,184.71428571428572,217.83333333333334,-0.5000000000000004,0.8660254037844384,0.9749279121818236,-0.22252093395631434,-2.4492935982947064e-16,1.0,-0.5680647467311559,0.8229838658936564,0,0,2,3.0,0.0,0.0,0.0,1.0,197888.671875,199345.44,202595.171875,4706.5,368.5625
2025-11-20,203431.0,3,11,0,0.0,0.0,0.0,none,199714.0,198174.0,197064.0,200195.0,196314.0,180140.0,197026.0,4182.122148703892,195221.35714285713,191956.8,6734.786095470287,-68.71428571428571,652.4666666666667,-0.5000000000000004,0.8660254037844384,0.43388373911755823,-0.900968867902419,-2.4492935982947064e-16,1.0,-0.5680647467311559,0.8229838658936564,0,0,2,3.0,0.0,0.0,0.0,1.0,198576.609375,201844.16,205358.90625,6782.296875,1586.84375
2025-11-21,210085.0,4,11,0,0.0,0.0,0.0,none,203431.0,199714.0,198174.0,199057.0,196009.0,176506.0,197488.2857142857,4733.32831153459,195729.7142857143,192733.16666666666,6667.732686466655,624.8571428571429,897.5,-0.5000000000000004,0.8660254037844384,-0.433883739117558,-0.9009688679024191,-2.4492935982947064e-16,1.0,-0.5680647467311559,0.8229838658936564,0,0,2,3.0,0.0,0.0,0.0,1.0,200313.34375,204048.75,206767.5,6454.15625,6036.25
2025-11-22,204324.0,5,11,1,0.0,0.0,0.0,none,210085.0,203431.0,199714.0,197020.0,195368.0,182216.0,199063.7142857143,6748.690013978637,196735.14285714287,193852.46666666667,6668.198649035748,1866.4285714285713,928.9666666666667,-0.5000000000000004,0.8660254037844384,-0.9749279121818236,-0.2225209339563146,-2.4492935982947064e-16,1.0,-0.5680647467311559,0.8229838658936564,0,0,2,3.0,0.0,0.0,0.0033333333333333335,0.9966666666666667,203853.84375,206053.67,208880.703125,5026.859375,1729.671875
2025-11-23,198364.0,6,11,1,0.0,0.0,0.0,none,204324.0,210085.0,203431.0,187958.0,193177.0,190183.0,200107.14285714287,6941.920205740646,197374.85714285713,194589.4,6558.581783198971,2338.0,471.3666666666667,-0.5000000000000004,0.8660254037844384,-0.7818314824680299,0.6234898018587334,-2.4492935982947064e-16,1.0,-0.5680647467311559,0.8229838658936564,0,0,2,3.0,0.0,0.0,0.0,1.0,195199.53125,197643.62,204388.609375,9189.078125,720.375
2025-11-24,205965.0,0,11,0,0.0,0.0,0.0,none,198364.0,204324.0,210085.0,197064.0,178793.0,197085.0,201593.7142857143,4638.770480573678,197745.35714285713,194862.1,6539.100277403884,185.71428571428572,42.63333333333333,-0.5000000000000004,0.8660254037844384,0.0,1.0,-2.4492935982947064e-16,1.0,-0.4647231720437684,0.88545602565321,0,0,2,3.0,0.0,0.0,0.0033333333333333335,0.9966666666666667,200670.40625,206287.8,206287.796875,5617.390625,322.796875
2025-11-25,207619.0,1,11,0,0.0,0.0,0.0,none,205965.0,198364.0,204324.0,198174.0,197375.0,198249.0,202865.2857142857,4404.178308316075,199686.2142857143,195158.1,6837.371355911047,1113.0,257.2,-0.5000000000000004,0.8660254037844384,0.7818314824680298,0.6234898018587336,-2.4492935982947064e-16,1.0,-0.4647231720437684,0.88545602565321,0,0,2,3.0,0.0,0.0,0.0,1.0,203455.5,205489.64,207183.078125,3727.578125,2129.359375
2025-11-26,210885.0,2,11,0,0.0,0.0,0.0,none,207619.0,205965.0,198364.0,199714.0,196881.0,185956.0,204214.57142857142,4167.860236667531,200417.92857142858,195470.43333333332,7188.433159494325,1129.2857142857142,722.1,-0.5000000000000004,0.8660254037844384,0.9749279121818236,-0.22252093395631434,-2.4492935982947064e-16,1.0,-0.4647231720437684,0.88545602565321,0,0,2,3.0,0.0,0.0,0.0,1.0,204779.03125,207536.25,210140.5,5361.46875,3348.75
2025-11-27,211862.0,3,11,0,0.0,0.0,0.0,none,210885.0,207619.0,205965.0,203431.0,200195.0,189372.0,205810.42857142858,4294.153151172857,201418.2142857143,196301.4,7485.394567722775,1064.857142857143,717.1,-0.5000000000000004,0.8660254037844384,0.43388373911755823,-0.900968867902419,-2.4492935982947064e-16,1.0,-0.4647231720437684,0.88545602565321,0,0,2,3.0,0.0,0.0,0.006666666666666667,0.9933333333333333,207248.21875,211120.53,213401.921875,6153.703125,741.46875
2025-11-28,215543.0,4,11,0,0.0,0.0,0.0,none,211862.0,210885.0,207619.0,210085.0,199057.0,188905.0,207014.85714285713,4680.523597085127,202251.57142857142,197051.06666666668,7883.108322419432,253.85714285714286,765.2333333333333,-0.5000000000000004,0.8660254037844384,-0.433883739117558,-0.9009688679024191,-2.4492935982947064e-16,1.0,-0.4647231720437684,0.88545602565321,0,1,2,3.0,0.0,0.0,0.0,1.0,208649.5625,212955.22,214998.640625,6349.078125,2587.78125
2025-11-29,211575.0,5,11,1,0.0,0.0,0.0,none,215543.0,211862.0,210885.0,204324.0,197020.0,191246.0,207794.57142857142,5634.589155599059,203429.14285714287,197939.0,8416.115362393293,1602.7142857142858,809.9,-0.5000000000000004,0.8660254037844384,-0.9749279121818236,-0.2225209339563146,-2.4492935982947064e-16,1.0,-0.4647231720437684,0.88545602565321,0,1,2,3.0,0.0033333333333333335,0.0033333333333333335,0.02666666666666667,0.9666666666666667,209330.578125,214954.94,216752.671875,7422.09375,3379.9375
2025-11-30,203778.0,6,11,1,0.0,0.0,0.0,none,211575.0,215543.0,211862.0,198364.0,187958.0,191290.0,208830.42857142858,5556.1878975062145,204468.7857142857,198616.63333333333,8673.120535680622,1887.2857142857142,676.1666666666666,-0.5000000000000004,0.8660254037844384,-0.7818314824680299,0.6234898018587334,-2.4492935982947064e-16,1.0,-0.4647231720437684,0.88545602565321,0,1,2,3.0,0.01,0.01,0.04,0.94,202077.234375,205492.31,210449.375,8372.140625,1714.3125
2025-12-01,206206.0,0,12,0,0.0,0.0,0.0,none,203778.0,211575.0,215543.0,205965.0,197064.0,191223.0,209603.85714285713,4021.2126872628914,205598.7857142857,199032.9,8608.795395528727,-312.42857142857144,418.5,-2.4492935982947064e-16,1.0,0.0,1.0,-2.4492935982947064e-16,1.0,-0.35460488704253595,0.9350162426854147,1,0,2,3.0,0.0033333333333333335,0.006666666666666667,0.013333333333333334,0.9766666666666667,203291.890625,208437.84,213491.359375,10199.46875,2231.84375
2025-12-02,214295.0,1,12,0,0.0,0.0,0.0,none,206206.0,203778.0,211575.0,207619.0,198174.0,189169.0,209638.2857142857,3985.7404880534796,206251.7857142857,199532.33333333334,8574.632198137735,-201.85714285714286,567.9,-2.4492935982947064e-16,1.0,0.7818314824680298,0.6234898018587336,-2.4492935982947064e-16,1.0,-0.35460488704253595,0.9350162426854147,1,0,2,3.0,0.01,0.0033333333333333335,0.013333333333333334,0.9733333333333334,204963.046875,207730.77,210814.984375,5851.9375,6564.234375
2025-12-03,215296.0,2,12,0,0.0,0.0,0.0,none,214295.0,206206.0,203778.0,210885.0,199714.0,181349.0,210592.0,4214.206924204553,207403.2857142857,200369.86666666667,8752.731572578658,487.14285714285717,1098.2,-2.4492935982947064e-16,1.0,0.9749279121818236,-0.22252093395631434,-2.4492935982947064e-16,1.0,-0.35460488704253595,0.9350162426854147,1,0,2,3.0,0.02,0.0,0.03,0.95,211192.28125,215224.1,216552.671875,5360.390625,71.90625
2025-12-04,214100.0,3,12,0,0.0,0.0,0.0,none,215296.0,214295.0,206206.0,211862.0,203431.0,196751.0,211222.14285714287,4579.291190734376,208516.2857142857,201501.43333333332,8395.979709867723,490.57142857142856,618.1666666666666,-2.4492935982947064e-16,1.0,0.43388373911755823,-0.900968867902419,-2.4492935982947064e-16,1.0,-0.35460488704253595,0.9350162426854147,0,0,2,3.0,0.013333333333333334,0.01,0.07333333333333333,0.9033333333333333,211198.546875,217035.03,219227.0625,8028.515625,2935.03125
2025-12-05,217918.0,4,12,0,0.0,0.0,0.0,none,214100.0,215296.0,214295.0,215543.0,210085.0,195965.0,211541.85714285713,4707.734254345449,209278.35714285713,202079.73333333334,8651.103421483267,-206.14285714285714,604.5,-2.4492935982947064e-16,1.0,-0.433883739117558,-0.9009688679024191,-2.4492935982947064e-16,1.0,-0.35460488704253595,0.9350162426854147,0,0,2,3.0,0.07,0.03,0.11,0.79,210645.203125,216406.17,219066.203125,8421.0,1511.828125
2025-12-06,213934.0,5,12,1,0.0,0.0,0.0,none,217918.0,214100.0,215296.0,211575.0,204324.0,196314.0,211881.14285714287,5112.35139730609,209837.85714285713,202811.5,9035.948083951418,906.1428571428571,720.1333333333333,-2.4492935982947064e-16,1.0,-0.9749279121818236,-0.2225209339563146,-2.4492935982947064e-16,1.0,-0.35460488704253595,0.9350162426854147,0,0,2,3.0,0.013333333333333334,0.023333333333333334,0.08666666666666667,0.8766666666666667,212365.28125,217058.4,218484.765625,6119.484375,3124.40625
2025-12-07,207002.0,6,12,1,0.0,0.0,0.0,none,213934.0,217918.0,214100.0,203778.0,198364.0,196009.0,212218.14285714287,5166.274235481914,210524.2857142857,203398.83333333334,9170.691814175052,1450.857142857143,597.5,-2.4492935982947064e-16,1.0,-0.7818314824680299,0.6234898018587334,-2.4492935982947064e-16,1.0,-0.35460488704253595,0.9350162426854147,0,0,2,3.0,0.006666666666666667,0.01,0.06666666666666667,0.9166666666666666,204468.90625,206121.38,212652.59375,8183.6875,880.625
2025-12-08,216110.0,0,12,0,0.0,0.0,0.0,none,207002.0,213934.0,217918.0,206206.0,205965.0,195368.0,212678.7142857143,4370.918847501332,211141.2857142857,203765.26666666666,9084.452489274587,113.71428571428571,387.8,-2.4492935982947064e-16,1.0,0.0,1.0,-2.4492935982947064e-16,1.0,-0.2393156642875578,0.970941817426052,0,0,2,3.0,0.023333333333333334,0.0033333333333333335,0.08,0.8933333333333333,206691.828125,213844.2,215317.921875,8626.09375,2265.796875
2025-12-09,220397.0,1,12,0,0.0,0.0,0.0,none,216110.0,207002.0,213934.0,214295.0,207619.0,193177.0,214093.57142857142,3427.694456296863,211865.92857142858,204456.66666666666,9211.739827181376,259.2857142857143,764.4333333333333,-2.4492935982947064e-16,1.0,0.7818314824680298,0.6234898018587336,-2.4492935982947064e-16,1.0,-0.2393156642875578,0.970941817426052,0,0,2,3.0,0.15333333333333332,0.013333333333333334,0.09333333333333334,0.74,212366.9375,216876.38,218308.359375,5941.421875,3520.625
2025-12-10,222472.0,2,12,0,0.0,0.0,0.0,none,220397.0,216110.0,207002.0,215296.0,210885.0,178793.0,214965.2857142857,4180.669273147859,212778.64285714287,205364.0,9401.016273016317,728.7142857142857,1386.8,-2.4492935982947064e-16,1.0,0.9749279121818236,-0.22252093395631434,-2.4492935982947064e-16,1.0,-0.2393156642875578,0.970941817426052,0,0,2,3.0,0.18,0.023333333333333334,0.11666666666666667,0.68,215349.296875,219308.33,222960.75,7611.453125,3163.671875
2025-12-11,221088.0,3,12,0,0.0,0.0,0.0,none,222472.0,220397.0,216110.0,214100.0,211862.0,197375.0,215990.42857142858,5062.162510797978,213606.2857142857,206819.96666666667,8481.347804745197,1196.0,836.5666666666667,-2.4492935982947064e-16,1.0,0.43388373911755823,-0.900968867902419,-2.4492935982947064e-16,1.0,-0.2393156642875578,0.970941817426052,0,0,2,3.0,0.08666666666666667,0.023333333333333334,0.11,0.78,216714.375,219121.34,222730.234375,6015.859375,1966.65625
2025-12-12,224754.0,4,12,0,0.0,0.0,0.0,none,221088.0,222472.0,220397.0,217918.0,215543.0,196881.0,216988.7142857143,5310.185643783359,214265.2857142857,207610.4,8673.563462892593,452.85714285714283,806.9,-2.4492935982947064e-16,1.0,-0.433883739117558,-0.9009688679024191,-2.4492935982947064e-16,1.0,-0.2393156642875578,0.970941817426052,0,0,2,3.0,0.11,0.06333333333333334,0.15666666666666668,0.67,214771.28125,217460.06,223668.921875,8897.640625,7293.9375
2025-12-13,221577.0,5,12,1,0.0,0.0,0.0,none,224754.0,221088.0,222472.0,213934.0,211575.0,200195.0,217965.2857142857,6082.059374760304,214923.2142857143,208539.5,8972.326387862931,1545.7142857142858,818.6333333333333,-2.4492935982947064e-16,1.0,-0.9749279121818236,-0.2225209339563146,-2.4492935982947064e-16,1.0,-0.2393156642875578,0.970941817426052,0,0,1,1.0,0.06,0.08666666666666667,0.17,0.6833333333333333,211801.40625,219435.39,233322.40625,21521.0,2141.609375
2025-12-14,214183.0,6,12,1,0.0,0.0,0.0,none,221577.0,224754.0,221088.0,207002.0,203778.0,199057.0,219057.14285714287,5921.666838219773,215637.64285714287,209252.23333333334,9134.40379000438,2082.1428571428573,750.6666666666666,-2.4492935982947064e-16,1.0,-0.7818314824680299,0.6234898018587334,-2.4492935982947064e-16,1.0,-0.2393156642875578,0.970941817426052,0,0,2,3.0,0.04666666666666667,0.07333333333333333,0.18,0.7,211788.109375,211788.11,218998.3125,7210.203125,2394.890625
2025-12-15,220255.0,0,12,0,0.0,0.0,0.0,none,214183.0,221577.0,224754.0,216110.0,206206.0,197020.0,220083.0,3684.6742958749287,216380.85714285713,209756.43333333332,8968.192439579367,-275.2857142857143,572.1,-2.4492935982947064e-16,1.0,0.0,1.0,-2.4492935982947064e-16,1.0,-0.12053668025532363,0.992708874098054,0,0,2,3.0,0.25666666666666665,0.08,0.10666666666666667,0.5566666666666666,211828.5625,220473.92,222368.59375,10540.03125,218.921875
2025-12-16,224344.0,1,12,0,0.0,0.0,0.0,none,220255.0,214183.0,221577.0,220397.0,214295.0,187958.0,220675.14285714287,3246.82847450738,217384.35714285713,210530.93333333332,8832.60701520518,-20.285714285714285,1076.5666666666666,-2.4492935982947064e-16,1.0,0.7818314824680298,0.6234898018587336,-2.4492935982947064e-16,1.0,-0.12053668025532363,0.992708874098054,0,0,3,0.0,0.34,0.14333333333333334,0.09666666666666666,0.42,212635.4375,219305.52,225574.96875,12939.53125,5038.484375
2025-12-17,226989.0,2,12,0,0.0,0.0,0.0,none,224344.0,220255.0,214183.0,222472.0,215296.0,197064.0,221239.0,3521.575783653512,218102.14285714287,211743.8,8093.3467328370325,267.42857142857144,909.3333333333334,-2.4492935982947064e-16,1.0,0.9749279121818236,-0.22252093395631434,-2.4492935982947064e-16,1.0,-0.12053668025532363,0.992708874098054,0,0,3,0.0,0.27666666666666667,0.10666666666666667,0.14333333333333334,0.47333333333333333,216459.875,221271.86,229283.203125,12823.328125,5717.140625
2025-12-18,227084.0,3,12,0,0.0,0.0,0.0,none,226989.0,224344.0,220255.0,221088.0,214100.0,198174.0,221884.2857142857,4144.00031026103,218937.35714285713,212741.3,8065.753457546462,843.0,960.5,-2.4492935982947064e-16,1.0,0.43388373911755823,-0.900968867902419,-2.4492935982947064e-16,1.0,-0.12053668025532363,0.992708874098054,0,0,3,0.0,0.21,0.10333333333333333,0.14333333333333334,0.5433333333333333,215941.953125,224922.3,230297.34375,14355.390625,2161.703125
2025-12-19,230406.0,4,12,0,0.0,0.0,0.0,none,227084.0,226989.0,224344.0,224754.0,217918.0,199714.0,222740.85714285713,4551.618519040471,219864.7857142857,213704.96666666667,7991.98347692191,332.85714285714283,912.3333333333334,-2.4492935982947064e-16,1.0,-0.433883739117558,-0.9009688679024191,-2.4492935982947064e-16,1.0,-0.12053668025532363,0.992708874098054,0,0,1,1.0,0.06,0.17666666666666667,0.2,0.5633333333333334,210753.90625,224577.45,236179.75,25425.84375,5828.546875
2025-12-20,229251.0,5,12,1,0.0,0.0,0.0,none,230406.0,227084.0,226989.0,221577.0,213934.0,203431.0,223548.2857142857,5391.992078206687,220756.7857142857,214728.03333333333,8102.914760722187,1261.2857142857142,899.1666666666666,-2.4492935982947064e-16,1.0,-0.9749279121818236,-0.2225209339563146,-2.4492935982947064e-16,1.0,-0.12053668025532363,0.992708874098054,0,0,1,1.0,0.06,0.23333333333333334,0.18,0.5266666666666666,212401.03125,223225.67,232733.765625,20332.734375,6025.328125
2025-12-21,226534.0,6,12,1,0.0,0.0,0.0,none,229251.0,230406.0,227084.0,214183.0,207002.0,210085.0,224644.57142857142,5695.957012278927,221850.85714285713,215588.7,8231.836402775334,2152.5714285714284,638.8666666666667,-2.4492935982947064e-16,1.0,-0.7818314824680299,0.6234898018587334,-2.4492935982947064e-16,1.0,-0.12053668025532363,0.992708874098054,0,0,1,1.0,0.04,0.2,0.18333333333333332,0.5766666666666667,212309.515625,218718.1,228385.0,16075.484375,7815.90625
2025-12-22,230405.0,0,12,0,0.0,0.0,0.0,none,226534.0,229251.0,230406.0,220255.0,216110.0,204324.0,226409.0,3341.570588812295,223246.0,216137.0,8398.728717428196,897.0,740.3333333333334,-2.4492935982947064e-16,1.0,0.0,1.0,-2.4492935982947064e-16,1.0,6.432490598706546e-16,1.0,0,0,3,0.0,0.32666666666666666,0.13333333333333333,0.10666666666666667,0.43333333333333335,216167.1875,226538.48,238033.234375,21866.046875,3866.515625
2025-12-23,231308.0,1,12,0,0.0,1.0,0.0,Christmas,230405.0,226534.0,229251.0,224344.0,220397.0,198364.0,227859.0,2250.013481444527,224267.07142857142,217006.36666666667,8483.199585400169,865.8571428571429,1068.0333333333333,-2.4492935982947064e-16,1.0,0.7818314824680298,0.6234898018587336,-2.4492935982947064e-16,1.0,6.432490598706546e-16,1.0,0,0,3,0.0,0.37,0.13333333333333333,0.10333333333333333,0.3933333333333333,214316.875,224242.64,235781.234375,21464.359375,7065.359375
2025-12-24,236096.0,2,12,0,1.0,0.0,0.0,none,231308.0,230405.0,226534.0,226989.0,222472.0,205965.0,228853.85714285713,1957.3602486186953,225046.42857142858,218104.5,8110.864483666273,617.0,844.7666666666667,-2.4492935982947064e-16,1.0,0.9749279121818236,-0.22252093395631434,-2.4492935982947064e-16,1.0,6.432490598706546e-16,1.0,0,0,3,0.0,0.4166666666666667,0.12666666666666668,0.12333333333333334,0.3333333333333333,214321.796875,227111.42,235566.203125,21244.40625,8984.578125
2025-12-25,236036.0,3,12,0,1.0,0.0,0.0,none,236096.0,231308.0,230405.0,227084.0,221088.0,207619.0,230154.85714285713,3165.182692390126,226019.57142857142,219108.86666666667,8415.629133091066,1287.4285714285713,949.2333333333333,-2.4492935982947064e-16,1.0,0.43388373911755823,-0.900968867902419,-2.4492935982947064e-16,1.0,6.432490598706546e-16,1.0,0,0,3,0.0,0.37666666666666665,0.12666666666666668,0.13666666666666666,0.36,217712.671875,232938.67,237162.359375,19449.6875,3097.328125
2025-12-26,239059.0,4,12,0,0.0,0.0,1.0,Christmas,236036.0,236096.0,231308.0,230406.0,224754.0,210885.0,231433.7142857143,3507.602158851179,227087.2857142857,220056.1,8673.095288660772,804.2857142857143,838.3666666666667,-2.4492935982947064e-16,1.0,-0.433883739117558,-0.9009688679024191,-2.4492935982947064e-16,1.0,6.432490598706546e-16,1.0,0,0,1,1.0,0.08,0.29333333333333333,0.14666666666666667,0.48,212445.75,234254.17,240730.125,28284.375,4804.828125
2025-12-27,232606.0,5,12,1,0.0,0.0,1.0,Christmas,239059.0,236036.0,236096.0,229251.0,221577.0,211862.0,232669.85714285713,4476.086066666507,228109.07142857142,220995.23333333334,9157.617641870309,1401.142857142857,906.5666666666667,-2.4492935982947064e-16,1.0,-0.9749279121818236,-0.2225209339563146,-2.4492935982947064e-16,1.0,6.432490598706546e-16,1.0,0,0,1,1.0,0.05,0.32666666666666666,0.14666666666666667,0.4766666666666667,213150.515625,232586.02,239155.734375,26005.21875,19.984375
2025-12-28,226172.0,6,12,1,0.0,0.0,0.0,none,232606.0,239059.0,236036.0,226534.0,214183.0,215543.0,233149.14285714287,4221.365672726389,228896.85714285713,221686.7,9227.109668683463,867.4285714285714,568.7666666666667,-2.4492935982947064e-16,1.0,-0.7818314824680299,0.6234898018587334,-2.4492935982947064e-16,1.0,6.432490598706546e-16,1.0,0,1,1,1.0,0.06,0.33,0.12,0.49,218208.703125,222135.19,229422.484375,11213.78125,4036.8125
2025-12-29,236595.0,0,12,0,0.0,0.0,0.0,none,226172.0,232606.0,239059.0,230405.0,220255.0,211575.0,233097.42857142858,4317.044817047482,229753.2142857143,222041.0,9187.048687483224,-604.7142857142857,486.56666666666666,-2.4492935982947064e-16,1.0,0.0,1.0,-2.4492935982947064e-16,1.0,0.12053668025532305,0.992708874098054,0,1,3,0.0,0.31,0.09666666666666666,0.15,0.44333333333333336,217440.28125,227337.0,236257.25,18816.96875,9258.0
2025-12-30,239690.0,1,12,0,0.0,1.0,0.0,New Year's Eve,236595.0,226172.0,232606.0,231308.0,224344.0,203778.0,233981.7142857143,4307.577846629998,230920.35714285713,222875.0,9338.590907514385,755.2857142857143,1093.9,-2.4492935982947064e-16,1.0,0.7818314824680298,0.6234898018587336,-2.4492935982947064e-16,1.0,0.12053668025532305,0.992708874098054,0,1,3,0.0,0.37333333333333335,0.10333333333333333,0.1,0.42333333333333334,221588.671875,234538.42,239731.96875,18143.296875,5151.578125
2025-12-31,241201.0,2,12,0,1.0,0.0,0.0,none,239690.0,236595.0,226172.0,236096.0,226989.0,206206.0,235179.14285714287,4595.836754738592,232016.5,224072.06666666668,9104.998403427348,513.4285714285714,1116.1333333333334,-2.4492935982947064e-16,1.0,0.9749279121818236,-0.22252093395631434,-2.4492935982947064e-16,1.0,0.12053668025532305,0.992708874098054,0,1,3,0.0,0.41333333333333333,0.09666666666666666,0.12,0.37,215806.921875,238037.84,242032.65625,26225.734375,3163.15625
2026-01-01,232792.0,3,1,0,1.0,0.0,0.0,none,241201.0,239690.0,236595.0,236036.0,227084.0,214295.0,235908.42857142858,5138.57025696156,233031.64285714287,225238.56666666668,8977.96389129014,737.8571428571429,896.8666666666667,0.49999999999999994,0.8660254037844387,0.43388373911755823,-0.900968867902419,1.0,6.123233995736766e-17,0.12053668025532305,0.992708874098054,1,0,3,0.0,0.93,0.03666666666666667,0.013333333333333334,0.02,218575.3125,237478.1,246124.96875,27549.65625,4686.09375
2026-01-02,236304.0,4,1,0,0.0,0.0,1.0,New Year's Day,232792.0,241201.0,239690.0,239059.0,230406.0,215296.0,235445.0,5269.755149278665,233439.35714285713,225855.13333333333,8834.49216670962,-895.2857142857143,583.2,0.49999999999999994,0.8660254037844387,-0.433883739117558,-0.9009688679024191,1.0,6.123233995736766e-17,0.12053668025532305,0.992708874098054,1,0,1,1.0,0.02666666666666667,0.9566666666666667,0.0,0.016666666666666666,213412.0625,232757.62,238553.265625,25141.203125,3546.375
2026-01-03,235487.0,5,1,1,0.0,0.0,0.0,none,236304.0,232792.0,241201.0,232606.0,229251.0,214100.0,235051.42857142858,5053.2912000394945,233860.64285714287,226555.4,8801.198231900924,528.2857142857143,740.1333333333333,0.49999999999999994,0.8660254037844387,-0.9749279121818236,-0.2225209339563146,1.0,6.123233995736766e-17,0.12053668025532305,0.992708874098054,1,0,1,1.0,0.006666666666666667,0.9666666666666667,0.006666666666666667,0.02,216493.625,233395.44,239512.296875,23018.671875,2091.5625
2026-01-04,227444.0,6,1,1,0.0,0.0,0.0,none,235487.0,236304.0,232792.0,226172.0,226534.0,217918.0,235463.0,4936.908209262386,234306.07142857142,227268.3,8621.86737973664,1330.7142857142858,585.6333333333333,0.49999999999999994,0.8660254037844387,-0.7818314824680299,0.6234898018587334,1.0,6.123233995736766e-17,0.12053668025532305,0.992708874098054,0,0,1,1.0,0.006666666666666667,0.9733333333333334,0.0033333333333333335,0.016666666666666666,221464.875,226055.52,233284.21875,11819.34375,1388.484375
2026-01-05,236715.0,0,1,0,0.0,0.0,0.0,none,227444.0,235487.0,236304.0,236595.0,230405.0,213934.0,235644.7142857143,4545.857371069942,234371.07142857142,227585.83333333334,8439.111029678279,-1307.2857142857142,450.3333333333333,0.49999999999999994,0.8660254037844387,0.0,1.0,1.0,6.123233995736766e-17,0.23931566428755774,0.970941817426052,0,0,3,0.0,0.96,0.02666666666666667,0.006666666666666667,0.006666666666666667,220839.125,230876.44,236386.203125,15547.078125,5838.5625
2026-01-06,239195.0,1,1,0,0.0,0.0,0.0,none,236715.0,227444.0,235487.0,239690.0,231308.0,207002.0,235661.85714285713,4550.262389086974,234821.7857142857,228345.2,8189.583907579346,-425.0,990.4333333333333,0.49999999999999994,0.8660254037844387,0.7818314824680298,0.6234898018587336,1.0,6.123233995736766e-17,0.23931566428755774,0.970941817426052,0,0,3,0.0,0.97,0.016666666666666666,0.0,0.013333333333333334,224276.046875,236108.56,238946.0,14669.953125,3086.4375
2026-01-07,238321.0,2,1,0,0.0,0.0,0.0,none,239195.0,236715.0,227444.0,241201.0,236096.0,216110.0,235591.14285714287,4480.541017504413,235385.14285714287,229418.3,7364.052759506714,-286.57142857142856,769.5,0.49999999999999994,0.8660254037844387,0.9749279121818236,-0.22252093395631434,1.0,6.123233995736766e-17,0.23931566428755774,0.970941817426052,0,0,3,0.0,0.97,0.02,0.0,0.01,224926.703125,236925.3,240349.71875,15423.015625,1395.703125
2026-01-08,238817.0,3,1,0,0.0,0.0,0.0,none,238321.0,239195.0,236715.0,232792.0,236036.0,220397.0,235179.7142857143,3984.306619489886,235544.07142857142,230158.66666666666,7091.402887970062,789.8571428571429,597.4666666666667,0.49999999999999994,0.8660254037844387,0.43388373911755823,-0.900968867902419,1.0,6.123233995736766e-17,0.23931566428755774,0.970941817426052,0,0,3,0.0,0.96,0.02666666666666667,0.0033333333333333335,0.01,226130.21875,234045.5,239258.65625,13128.4375,4771.5
2026-01-09,245416.0,4,1,0,0.0,0.0,0.0,none,238817.0,238321.0,239195.0,236304.0,239059.0,222472.0,236040.42857142858,4033.0108627504687,235742.7142857143,230772.66666666666,7014.071011965066,359.0,544.8333333333334,0.49999999999999994,0.8660254037844387,-0.433883739117558,-0.9009688679024191,1.0,6.123233995736766e-17,0.23931566428755774,0.970941817426052,0,0,1,1.0,0.03666666666666667,0.95,0.006666666666666667,0.006666666666666667,219580.9375,234322.67,242598.578125,23017.640625,11093.328125
2026-01-10,239438.0,5,1,1,0.0,0.0,0.0,none,245416.0,238817.0,238321.0,235487.0,232606.0,221088.0,237342.14285714287,5378.378145519904,236196.7857142857,231537.46666666667,7321.901829126802,1418.4285714285713,810.9333333333333,0.49999999999999994,0.8660254037844387,-0.9749279121818236,-0.2225209339563146,1.0,6.123233995736766e-17,0.23931566428755774,0.970941817426052,0,0,1,1.0,0.013333333333333334,0.97,0.006666666666666667,0.01,212084.984375,238403.92,249542.640625,37457.65625,1034.078125
2026-01-11,231726.0,6,1,1,0.0,0.0,0.0,none,239438.0,245416.0,238817.0,227444.0,226172.0,224754.0,237906.57142857142,5358.52457483058,236684.7857142857,232149.13333333333,7184.034346995976,1713.4285714285713,489.46666666666664,0.49999999999999994,0.8660254037844387,-0.7818314824680299,0.6234898018587334,1.0,6.123233995736766e-17,0.23931566428755774,0.970941817426052,0,0,1,1.0,0.01,0.98,0.0,0.01,221380.15625,226570.34,242659.4375,21279.28125,5155.65625
2026-01-12,240682.0,0,1,0,0.0,1.0,0.0,Makar Sankranti / Pongal,231726.0,239438.0,245416.0,236715.0,236595.0,221577.0,238518.2857142857,4049.638161380697,237081.5,232381.53333333333,7048.039315190627,-712.7142857142857,338.3,0.49999999999999994,0.8660254037844387,0.0,1.0,1.0,6.123233995736766e-17,0.3546048870425356,0.9350162426854148,0,0,3,0.0,0.9733333333333334,0.02,0.0033333333333333335,0.0033333333333333335,224074.125,233753.94,239398.03125,15323.90625,6928.0625
2026-01-13,243313.0,1,1,0,0.0,1.0,0.0,Makar Sankranti / Pongal,240682.0,231726.0,239438.0,239195.0,239690.0,214183.0,239085.0,4032.763320604812,237373.42857142858,233018.36666666667,6899.68513266013,212.42857142857142,883.3,0.49999999999999994,0.8660254037844387,0.7818314824680298,0.6234898018587336,1.0,6.123233995736766e-17,0.3546048870425356,0.9350162426854148,0,0,3,0.0,0.99,0.006666666666666667,0.0033333333333333335,0.0,224808.75,236965.83,241617.328125,16808.578125,6347.171875
2026-01-14,237882.0,2,1,0,1.0,0.0,0.0,none,243313.0,240682.0,231726.0,238321.0,241201.0,220255.0,239673.2857142857,4340.130632224959,237632.2142857143,233989.36666666667,6168.572184218883,713.1428571428571,768.6,0.49999999999999994,0.8660254037844387,0.9749279121818236,-0.22252093395631434,1.0,6.123233995736766e-17,0.3546048870425356,0.9350162426854148,0,0,3,0.0,0.98,0.016666666666666666,0.0,0.0033333333333333335,219105.125,239056.02,247234.75,28129.625,1174.015625
2026-01-15,233280.0,3,1,0,0.0,0.0,1.0,Makar Sankranti / Pongal,237882.0,243313.0,240682.0,238817.0,232792.0,224344.0,239610.57142857142,4366.022211624269,237395.14285714287,234576.93333333332,5631.346779154216,-133.57142857142858,451.26666666666665,0.49999999999999994,0.8660254037844387,0.43388373911755823,-0.900968867902419,1.0,6.123233995736766e-17,0.3546048870425356,0.9350162426854148,0,0,3,0.0,0.9733333333333334,0.02666666666666667,0.0,0.0,224664.875,233745.7,238690.390625,14025.515625,465.703125
2026-01-16,238616.0,4,1,0,0.0,0.0,1.0,Makar Sankranti / Pongal,233280.0,237882.0,243313.0,245416.0,236304.0,226989.0,238819.57142857142,4990.6497859226565,237430.0,234874.8,5297.876298001799,-1733.7142857142858,209.7,0.49999999999999994,0.8660254037844387,-0.433883739117558,-0.9009688679024191,1.0,6.123233995736766e-17,0.3546048870425356,0.9350162426854148,0,0,1,1.0,0.02,0.9766666666666667,0.0033333333333333335,0.0,215390.40625,234486.97,236895.671875,21505.265625,4129.03125
2026-01-17,236234.0,5,1,1,0.0,0.0,0.0,none,238616.0,233280.0,237882.0,239438.0,235487.0,227084.0,237848.14285714287,4069.4464991617015,237595.14285714287,235262.36666666667,5123.5151018430515,-117.42857142857143,384.4,0.49999999999999994,0.8660254037844387,-0.9749279121818236,-0.2225209339563146,1.0,6.123233995736766e-17,0.3546048870425356,0.9350162426854148,0,0,1,1.0,0.0033333333333333335,0.9933333333333333,0.0033333333333333335,0.0,216873.9375,233316.23,238405.359375,21531.421875,2917.765625
2026-01-18,231836.0,6,1,1,0.0,0.0,0.0,none,236234.0,238616.0,233280.0,231726.0,227444.0,230406.0,237390.42857142858,4040.908802781447,237648.5,235567.36666666667,4886.750005832412,644.0,194.26666666666668,0.49999999999999994,0.8660254037844387,-0.7818314824680299,0.6234898018587334,1.0,6.123233995736766e-17,0.3546048870425356,0.9350162426854148,0,0,1,1.0,0.0033333333333333335,0.9933333333333333,0.0033333333333333335,0.0,220468.84375,225552.03,235508.609375,15039.765625,6283.96875
2026-01-19,239120.0,0,1,0,0.0,0.0,0.0,none,231836.0,236234.0,238616.0,240682.0,236715.0,229251.0,237406.14285714287,4015.3426764772453,237962.2142857143,235615.03333333333,4841.432785096419,-1263.7142857142858,86.16666666666667,0.49999999999999994,0.8660254037844387,0.0,1.0,1.0,6.123233995736766e-17,0.4647231720437685,0.8854560256532099,0,0,3,0.0,0.99,0.01,0.0,0.0,222830.921875,233748.66,237389.8125,14558.890625,5371.34375
2026-01-20,241056.0,1,1,0,0.0,0.0,0.0,none,239120.0,231836.0,236234.0,243313.0,239195.0,226534.0,237183.0,3842.6418429706628,238134.0,235944.0,4728.059928725264,-599.0,419.53333333333336,0.49999999999999994,0.8660254037844387,0.7818314824680298,0.6234898018587336,1.0,6.123233995736766e-17,0.4647231720437685,0.8854560256532099,0,0,3,0.0,0.99,0.01,0.0,0.0,224399.46875,234143.31,237021.640625,12622.171875,6912.6875
2026-01-21,241094.0,2,1,0,0.0,0.0,0.0,none,241056.0,239120.0,231836.0,237882.0,238321.0,230405.0,236860.57142857142,3298.7595071071723,238266.92857142858,236428.06666666668,4467.64922320128,453.42857142857144,355.03333333333336,0.49999999999999994,0.8660254037844387,0.9749279121818236,-0.22252093395631434,1.0,6.123233995736766e-17,0.4647231720437685,0.8854560256532099,0,0,3,0.0,0.9766666666666667,0.023333333333333334,0.0,0.0,224014.8125,236614.97,240804.921875,16790.109375,4479.03125
2026-01-22,241522.0,3,1,0,0.0,0.0,0.0,none,241094.0,241056.0,239120.0,233280.0,238817.0,231308.0,237319.42857142858,3667.325040461587,238465.0,236784.36666666667,4396.400992683349,1116.2857142857142,326.2,0.49999999999999994,0.8660254037844387,0.43388373911755823,-0.900968867902419,1.0,6.123233995736766e-17,0.4647231720437685,0.8854560256532099,0,0,3,0.0,0.9733333333333334,0.02666666666666667,0.0,0.0,224112.625,233635.64,240834.484375,16721.859375,7886.359375
2026-01-23,228472.0,4,1,0,0.0,0.0,0.0,none,241522.0,241094.0,241056.0,238616.0,245416.0,236096.0,238496.85714285713,3472.1725873300124,238658.2142857143,237124.83333333334,4352.957615886942,415.14285714285717,180.86666666666667,0.49999999999999994,0.8660254037844387,-0.433883739117558,-0.9009688679024191,1.0,6.123233995736766e-17,0.4647231720437685,0.8854560256532099,0,0,1,1.0,0.03,0.9666666666666667,0.0033333333333333335,0.0,213474.0625,234410.23,243447.9375,29973.875,5938.234375
2026-01-24,232815.0,5,1,1,0.0,1.0,0.0,Republic Day,228472.0,241522.0,241094.0,236234.0,239438.0,236036.0,237047.7142857143,5133.539315596756,237447.92857142858,236870.7,4628.899006276344,-1108.857142857143,-252.13333333333333,0.49999999999999994,0.8660254037844387,-0.9749279121818236,-0.2225209339563146,1.0,6.123233995736766e-17,0.4647231720437685,0.8854560256532099,0,0,1,1.0,0.0033333333333333335,0.9933333333333333,0.0,0.0033333333333333335,208737.703125,225987.12,237616.796875,28879.09375,6827.875
2026-01-25,230729.0,6,1,1,0.0,1.0,0.0,Republic Day,232815.0,228472.0,241522.0,231836.0,231726.0,239059.0,236559.2857142857,5380.569322860826,236974.85714285713,236763.33333333334,4685.931345493025,139.85714285714286,-208.13333333333333,0.49999999999999994,0.8660254037844387,-0.7818314824680299,0.6234898018587334,1.0,6.123233995736766e-17,0.4647231720437685,0.8854560256532099,0,0,1,1.0,0.0033333333333333335,0.9933333333333333,0.0033333333333333335,0.0,204119.203125,219411.64,236055.953125,31936.75,11317.359375
2026-01-26,220642.0,0,1,0,1.0,0.0,0.0,none,230729.0,232815.0,228472.0,239120.0,240682.0,232606.0,236401.14285714287,5555.941217250195,236903.64285714287,236485.66666666666,4790.834477256285,-1198.7142857142858,-62.56666666666667,0.49999999999999994,0.8660254037844387,0.0,1.0,1.0,6.123233995736766e-17,0.5680647467311558,0.8229838658936564,0,0,3,0.0,0.99,0.0033333333333333335,0.0,0.006666666666666667,218306.578125,229882.83,238040.0,19733.421875,9240.828125
2026-01-27,232705.0,1,1,0,0.0,0.0,1.0,Republic Day,220642.0,230729.0,232815.0,241056.0,243313.0,226172.0,233761.42857142858,7930.874854163127,235472.2142857143,236086.86666666667,5560.976940547009,-2916.285714285714,-184.33333333333334,0.49999999999999994,0.8660254037844387,0.7818314824680298,0.6234898018587336,1.0,6.123233995736766e-17,0.5680647467311558,0.8229838658936564,0,0,3,0.0,0.9866666666666667,0.01,0.0033333333333333335,0.0,215830.03125,224215.3,232985.015625,17154.984375,8489.703125
2026-01-28,230023.0,2,1,0,0.0,0.0,1.0,Republic Day,232705.0,220642.0,230729.0,241094.0,237882.0,236595.0,232568.42857142858,7249.542304108844,234714.5,236304.63333333333,5280.149041018091,-1198.4285714285713,-129.66666666666666,0.49999999999999994,0.8660254037844387,0.9749279121818236,-0.22252093395631434,1.0,6.123233995736766e-17,0.5680647467311558,0.8229838658936564,0,1,3,0.0,0.9766666666666667,0.023333333333333334,0.0,0.0,222096.34375,229186.75,234216.84375,12120.5,836.25
2026-01-29,235696.0,3,1,0,0.0,0.0,0.0,none,230023.0,232705.0,220642.0,241522.0,233280.0,239690.0,230986.85714285713,6213.150607880577,234153.14285714287,236085.56666666668,5402.598804297068,-1642.7142857142858,-322.23333333333335,0.49999999999999994,0.8660254037844387,0.43388373911755823,-0.900968867902419,1.0,6.123233995736766e-17,0.5680647467311558,0.8229838658936564,0,1,3,0.0,0.97,0.023333333333333334,0.006666666666666667,0.0,210363.40625,224397.94,235248.453125,24885.046875,11298.0625
2026-01-30,240555.0,4,1,0,0.0,0.0,0.0,none,235696.0,230023.0,232705.0,228472.0,238616.0,241201.0,230154.57142857142,4795.090157553246,234325.7142857143,235952.43333333332,5359.7549782055485,1032.0,-183.5,0.49999999999999994,0.8660254037844387,-0.433883739117558,-0.9009688679024191,1.0,6.123233995736766e-17,0.5680647467311558,0.8229838658936564,0,1,1,1.0,0.02,0.9766666666666667,0.0,0.0033333333333333335,204768.21875,229198.92,233968.1875,29199.96875,11356.078125
2026-01-31,238737.0,5,1,1,0.0,0.0,0.0,none,240555.0,235696.0,230023.0,232815.0,236234.0,232792.0,231880.7142857143,6088.763167079014,234464.2142857143,235930.9,5339.199496692331,1105.7142857142858,258.76666666666665,0.49999999999999994,0.8660254037844387,-0.9749279121818236,-0.2225209339563146,1.0,6.123233995736766e-17,0.5680647467311558,0.8229838658936564,0,1,1,1.0,0.006666666666666667,0.9933333333333333,0.0,0.0,212508.171875,235806.39,239250.859375,26742.6875,2930.609375
2026-02-01,228232.0,6,2,1,0.0,0.0,0.0,none,238737.0,240555.0,235696.0,230729.0,231836.0,236304.0,232726.7142857143,6627.769527131882,234643.0,236129.06666666668,5328.996443873157,1144.0,81.1,0.8660254037844386,0.5000000000000001,-0.7818314824680299,0.6234898018587334,1.0,6.123233995736766e-17,0.5680647467311558,0.8229838658936564,1,0,1,1.0,0.0,1.0,0.0,0.0,217387.109375,224091.16,237108.1875,19721.078125,4140.84375
2026-02-02,232988.0,0,2,0,0.0,0.0,0.0,none,228232.0,238737.0,240555.0,220642.0,239120.0,235487.0,232370.0,6817.683526439371,234385.57142857142,235860.0,5520.210653148564,1084.2857142857142,-241.83333333333334,0.8660254037844386,0.5000000000000001,0.0,1.0,1.0,6.123233995736766e-17,0.6631226582407952,0.7485107481711011,1,0,3,0.0,0.9833333333333333,0.016666666666666666,0.0,0.0,216941.265625,230505.1,238585.84375,21644.578125,2482.90625
2026-02-03,235520.0,1,2,0,0.0,1.0,0.0,Shab-e-Barat,232988.0,228232.0,238737.0,232705.0,241056.0,227444.0,234133.7142857143,4471.129153220444,233947.57142857142,235776.7,5544.833358706522,40.42857142857143,184.8,0.8660254037844386,0.5000000000000001,0.7818314824680298,0.6234898018587336,1.0,6.123233995736766e-17,0.6631226582407952,0.7485107481711011,1,0,3,0.0,0.9933333333333333,0.006666666666666667,0.0,0.0,221771.265625,231748.75,238157.46875,16386.203125,3771.25
2026-02-04,234928.0,2,2,0,1.0,0.0,0.0,none,235520.0,232988.0,228232.0,230023.0,241094.0,236715.0,234535.85714285713,4447.743001741402,233552.14285714287,236045.9,5317.725981122673,785.2857142857143,-39.833333333333336,0.8660254037844386,0.5000000000000001,0.9749279121818236,-0.22252093395631434,1.0,6.123233995736766e-17,0.6631226582407952,0.7485107481711011,0,0,3,0.0,0.9833333333333333,0.016666666666666666,0.0,0.0,211019.15625,226920.83,235762.578125,24743.421875,8007.171875
2026-02-05,235926.0,3,2,0,0.0,0.0,1.0,Shab-e-Barat,234928.0,235520.0,232988.0,235696.0,241522.0,239195.0,235236.57142857142,3980.0628075944574,233111.7142857143,235986.33333333334,5319.980680110028,-109.71428571428571,-142.23333333333332,0.8660254037844386,0.5000000000000001,0.43388373911755823,-0.900968867902419,1.0,6.123233995736766e-17,0.6631226582407952,0.7485107481711011,0,0,3,0.0,0.96,0.03333333333333333,0.006666666666666667,0.0,217205.296875,225753.86,236190.484375,18985.1875,10172.140625
2026-02-06,240039.0,4,2,0,0.0,0.0,0.0,none,235926.0,234928.0,235520.0,240555.0,228472.0,238321.0,235269.42857142858,3985.4334710789835,232712.0,235877.36666666667,5285.358843282195,-661.2857142857143,-79.83333333333333,0.8660254037844386,0.5000000000000001,-0.433883739117558,-0.9009688679024191,1.0,6.123233995736766e-17,0.6631226582407952,0.7485107481711011,0,0,1,1.0,0.013333333333333334,0.9866666666666667,0.0,0.0,205838.375,228279.12,236940.125,31101.75,11759.875
2026-02-07,235957.0,5,2,1,0.0,0.0,0.0,none,240039.0,235926.0,234928.0,238737.0,232815.0,238817.0,235195.7142857143,3874.609430395655,233538.2142857143,235934.63333333333,5321.929222940247,186.0,40.733333333333334,0.8660254037844386,0.5000000000000001,-0.9749279121818236,-0.2225209339563146,1.0,6.123233995736766e-17,0.6631226582407952,0.7485107481711011,0,0,1,1.0,0.0,1.0,0.0,0.0,202998.78125,230307.62,241417.453125,38418.671875,5649.375
2026-02-08,226841.0,6,2,1,0.0,0.0,0.0,none,235957.0,240039.0,235926.0,228232.0,230729.0,245416.0,234798.57142857142,3582.6057489482027,233762.64285714287,235839.3,5294.059124179415,1103.5714285714287,-315.3,0.8660254037844386,0.5000000000000001,-0.7818314824680299,0.6234898018587334,1.0,6.123233995736766e-17,0.6631226582407952,0.7485107481711011,0,0,1,1.0,0.0,0.9966666666666667,0.0,0.0033333333333333335,204332.65625,222429.28,236345.078125,32012.421875,4411.71875
2026-02-09,238975.0,0,2,0,0.0,0.0,0.0,none,226841.0,235957.0,240039.0,232988.0,220642.0,239438.0,234599.85714285713,4019.4745688385174,233484.92857142858,235220.13333333333,5221.110984513433,-878.1428571428571,-419.9,0.8660254037844386,0.5000000000000001,0.0,1.0,1.0,6.123233995736766e-17,0.7485107481711011,0.6631226582407953,0,0,3,0.0,0.97,0.02666666666666667,0.0033333333333333335,0.0,210030.75,228242.45,237451.0,27420.25,10732.546875
2026-02-10,240780.0,1,2,0,0.0,0.0,0.0,none,238975.0,226841.0,235957.0,235520.0,232705.0,231726.0,235455.14285714287,4249.710791282096,234794.42857142858,235204.7,5208.883248832054,493.57142857142856,241.63333333333333,0.8660254037844386,0.5000000000000001,0.7818314824680298,0.6234898018587336,1.0,6.123233995736766e-17,0.7485107481711011,0.6631226582407953,0,0,3,0.0,0.9966666666666667,0.0033333333333333335,0.0,0.0,225309.5,233308.11,236353.46875,11043.96875,7471.890625
2026-02-11,239740.0,2,2,0,0.0,0.0,0.0,none,240780.0,238975.0,226841.0,234928.0,230023.0,240682.0,236206.57142857142,4703.857171059716,235371.2142857143,235506.5,5262.3961878495875,836.0,3.2666666666666666,0.8660254037844386,0.5000000000000001,0.9749279121818236,-0.22252093395631434,1.0,6.123233995736766e-17,0.7485107481711011,0.6631226582407953,0,0,3,0.0,0.98,0.013333333333333334,0.006666666666666667,0.0,216143.203125,229750.84,239238.078125,23094.875,9989.15625
2026-02-12,238802.0,3,2,0,0.0,0.0,0.0,none,239740.0,240780.0,238975.0,235926.0,235696.0,243313.0,236894.0,4835.633360793145,236065.2857142857,235475.1,5233.179091471183,544.8571428571429,-119.1,0.8660254037844386,0.5000000000000001,0.43388373911755823,-0.900968867902419,1.0,6.123233995736766e-17,0.7485107481711011,0.6631226582407953,0,0,3,0.0,0.9633333333333334,0.03,0.006666666666666667,0.0,216948.296875,225536.03,238287.953125,21339.65625,13265.96875
2026-02-13,244206.0,4,2,0,0.0,1.0,0.0,Maha Shivaratri,238802.0,239740.0,240780.0,240039.0,240555.0,237882.0,237304.85714285713,4861.788334506077,236287.14285714287,235324.73333333334,5062.219841087827,-176.71428571428572,30.666666666666668,0.8660254037844386,0.5000000000000001,-0.433883739117558,-0.9009688679024191,1.0,6.123233995736766e-17,0.7485107481711011,0.6631226582407953,0,0,1,1.0,0.023333333333333334,0.9733333333333334,0.0033333333333333335,0.0,205189.1875,229092.73,238745.3125,33556.125,15113.265625
2026-02-14,238912.0,5,2,1,0.0,1.0,0.0,Maha Shivaratri,244206.0,238802.0,239740.0,235957.0,238737.0,233280.0,237900.14285714287,5469.484967484536,236547.92857142858,235535.53333333333,5298.536582171203,1178.4285714285713,364.2,0.8660254037844386,0.5000000000000001,-0.9749279121818236,-0.2225209339563146,1.0,6.123233995736766e-17,0.7485107481711011,0.6631226582407953,0,0,1,1.0,0.006666666666666667,0.9933333333333333,0.0,0.0,212990.828125,235352.45,247466.515625,34475.6875,3559.546875
2026-02-15,237727.0,6,2,1,1.0,0.0,0.0,none,238912.0,244206.0,238802.0,226841.0,228232.0,238616.0,238322.2857142857,5408.206933736051,236560.42857142858,235723.26666666666,5315.611327821886,1724.4285714285713,9.866666666666667,0.8660254037844386,0.5000000000000001,-0.7818314824680299,0.6234898018587334,1.0,6.123233995736766e-17,0.7485107481711011,0.6631226582407953,0,0,1,1.0,0.0033333333333333335,0.9966666666666667,0.0,0.0,200807.453125,222579.33,240544.5,39737.046875,15147.671875
2026-02-16,238578.0,0,2,0,0.0,0.0,1.0,Maha Shivaratri,237727.0,238912.0,244206.0,238975.0,232988.0,236234.0,239877.42857142858,2125.142023268769,237238.64285714287,235693.63333333333,5301.38786957159,-178.28571428571428,49.766666666666666,0.8660254037844386,0.5000000000000001,0.0,1.0,1.0,6.123233995736766e-17,0.8229838658936564,0.5680647467311559,0,0,3,0.0,0.9833333333333333,0.016666666666666666,0.0,0.0,219590.140625,230897.94,236575.859375,16985.71875,7680.0625
2026-02-17,243151.0,1,2,0,0.0,0.0,1.0,Maha Shivaratri,238578.0,237727.0,238912.0,240780.0,235520.0,231836.0,239820.7142857143,2158.2783813595124,237637.92857142858,235771.76666666666,5326.838738280024,-314.57142857142856,224.73333333333332,0.8660254037844386,0.5000000000000001,0.7818314824680298,0.6234898018587336,1.0,6.123233995736766e-17,0.8229838658936564,0.5680647467311559,0,0,3,0.0,0.9833333333333333,0.016666666666666666,0.0,0.0,220402.171875,232746.53,237002.828125,16600.65625,10404.46875
2026-02-18,239955.0,2,2,0,0.0,0.0,0.0,none,243151.0,238578.0,237727.0,239740.0,234928.0,239120.0,240159.42857142858,2493.8750207383755,238183.0,236148.93333333332,5437.977254094955,487.2857142857143,134.36666666666667,0.8660254037844386,0.5000000000000001,0.9749279121818236,-0.22252093395631434,1.0,6.123233995736766e-17,0.8229838658936564,0.5680647467311559,0,0,3,0.0,0.9666666666666667,0.02666666666666667,0.006666666666666667,0.0,213114.75,229887.28,243902.8125,30788.0625,10067.71875
2026-02-19,235720.0,3,2,0,0.0,0.0,0.0,none,239955.0,243151.0,238578.0,238802.0,235926.0,241056.0,240190.14285714287,2489.1679619648717,238542.07142857142,236176.76666666666,5455.816154266704,164.71428571428572,-36.7,0.8660254037844386,0.5000000000000001,0.43388373911755823,-0.900968867902419,1.0,6.123233995736766e-17,0.8229838658936564,0.5680647467311559,0,0,3,0.0,0.9666666666666667,0.02666666666666667,0.006666666666666667,0.0,214938.6875,225810.7,240911.09375,25972.40625,9909.296875
2026-02-20,238871.0,4,2,0,0.0,0.0,0.0,none,235720.0,239955.0,243151.0,244206.0,240039.0,241094.0,239749.85714285713,2996.4984803721213,238527.35714285713,235998.9,5377.682453978144,-1212.2857142857142,-179.13333333333333,0.8660254037844386,0.5000000000000001,-0.433883739117558,-0.9009688679024191,1.0,6.123233995736766e-17,0.8229838658936564,0.5680647467311559,0,0,1,1.0,0.02,0.9766666666666667,0.0033333333333333335,0.0,206540.28125,227271.69,238513.9375,31973.65625,11599.3125
2026-02-21,236034.0,5,2,1,0.0,0.0,0.0,none,238871.0,235720.0,239955.0,238912.0,235957.0,241522.0,238987.7142857143,2262.8583483676834,238443.92857142858,235924.8,5320.06215545396,-5.857142857142857,-88.36666666666666,0.8660254037844386,0.5000000000000001,-0.9749279121818236,-0.2225209339563146,1.0,6.123233995736766e-17,0.8229838658936564,0.5680647467311559,0,0,1,1.0,0.0033333333333333335,0.9933333333333333,0.0,0.0033333333333333335,195837.921875,226391.34,239961.65625,44123.734375,9642.65625
2026-02-22,227112.0,6,2,1,0.0,0.0,0.0,none,236034.0,238871.0,235720.0,237727.0,226841.0,228472.0,238576.57142857142,2525.159853500319,238449.42857142858,235741.86666666667,5214.264643712979,-241.85714285714286,252.06666666666666,0.8660254037844386,0.5000000000000001,-0.7818314824680299,0.6234898018587334,1.0,6.123233995736766e-17,0.8229838658936564,0.5680647467311559,0,0,1,1.0,0.0033333333333333335,0.9966666666666667,0.0,0.0,216755.890625,225133.55,237059.84375,20303.953125,1978.453125
2026-02-23,239890.0,0,2,0,0.0,0.0,0.0,none,227112.0,236034.0,238871.0,238578.0,238975.0,232815.0,237060.14285714287,5047.711211648908,238468.7857142857,235696.53333333333,5285.080175771267,-1638.0,-190.1,0.8660254037844386,0.5000000000000001,0.0,1.0,1.0,6.123233995736766e-17,0.8854560256532099,0.4647231720437686,0,0,3,0.0,0.99,0.01,0.0,0.0,219084.40625,232245.42,236641.390625,17556.984375,7644.578125
2026-02-24,233036.0,1,2,0,0.0,0.0,0.0,none,239890.0,227112.0,236034.0,243151.0,240780.0,230729.0,237247.57142857142,5137.032634287023,238534.14285714287,235932.36666666667,5309.859109000317,-465.85714285714283,305.3666666666667,0.8660254037844386,0.5000000000000001,0.7818314824680298,0.6234898018587336,1.0,6.123233995736766e-17,0.8854560256532099,0.4647231720437686,0,0,3,0.0,0.9933333333333333,0.006666666666666667,0.0,0.0,224470.125,233884.58,238937.375,14467.25,848.578125
2026-02-24,233036.0,1,2,0,0.0,0.0,0.0,none,233036.0,239890.0,227112.0,239955.0,239740.0,220642.0,235802.57142857142,4593.57006612468,237981.0,236009.26666666666,5248.2509922947875,-988.4285714285714,413.1333333333333,0.8660254037844386,0.5000000000000001,0.7818314824680298,0.6234898018587336,1.0,6.123233995736766e-17,0.8854560256532099,0.4647231720437686,0,0,3,0.0,0.9833333333333333,0.016666666666666666,0.0,0.0,224241.40625,235050.25,236669.03125,12427.625,2014.25
2026-02-25,235637.0,2,2,0,0.0,0.0,0.0,none,233036.0,233036.0,239890.0,235720.0,238802.0,232705.0,234814.14285714287,4285.199973109734,237502.14285714287,236422.4,4419.186503383398,-383.42857142857144,11.033333333333333,0.8660254037844386,0.5000000000000001,0.9749279121818236,-0.22252093395631434,1.0,6.123233995736766e-17,0.8854560256532099,0.4647231720437686,0,0,3,0.0,0.9833333333333333,0.016666666666666666,0.0,0.0,223997.125,232376.06,233972.5625,9975.4375,3260.9375
2026-02-26,233599.0,3,2,0,0.0,0.0,0.0,none,235637.0,233036.0,233036.0,238871.0,244206.0,230023.0,234802.2857142857,4282.389625521919,237276.07142857142,236520.13333333333,4366.243186971819,-462.0,187.13333333333333,0.8660254037844386,0.5000000000000001,0.43388373911755823,-0.900968867902419,1.0,6.123233995736766e-17,0.8854560256532099,0.4647231720437686,0,0,3,0.0,0.9866666666666667,0.013333333333333334,0.0,0.0,224390.9375,233437.03,235920.921875,11529.984375,161.96875
2026-02-27,240571.0,4,2,0,0.0,0.0,0.0,none,233599.0,235637.0,233036.0,236034.0,238912.0,235696.0,234049.14285714287,3893.500071855627,236518.42857142858,236639.33333333334,4229.422095786778,-347.85714285714283,-69.9,0.8660254037844386,0.5000000000000001,-0.433883739117558,-0.9009688679024191,1.0,6.123233995736766e-17,0.8854560256532099,0.4647231720437686,0,0,1,1.0,0.013333333333333334,0.9866666666666667,0.0,0.0,218196.46875,229382.03,235097.625,16901.15625,11188.96875
2026-02-28,234314.0,5,2,1,0.0,1.0,0.0,Holika Dahan,240571.0,233599.0,235637.0,227112.0,237727.0,240555.0,234697.2857142857,4593.662217821899,236636.92857142858,236801.83333333334,4285.212199170008,1922.7142857142858,0.5333333333333333,0.8660254037844386,0.5000000000000001,-0.9749279121818236,-0.2225209339563146,1.0,6.123233995736766e-17,0.8854560256532099,0.4647231720437686,0,1,1,1.0,0.013333333333333334,0.9866666666666667,0.0,0.0,200541.4375,230844.31,239049.640625,38508.203125,3469.6875
2026-03-01,223346.0,6,3,1,0.0,1.0,0.0,Holika Dahan,234314.0,240571.0,233599.0,239890.0,238578.0,238737.0,235726.14285714287,3209.644706641653,236393.14285714287,236593.8,4248.054251548536,-796.5714285714286,-147.43333333333334,1.0,6.123233995736766e-17,-0.7818314824680299,0.6234898018587334,1.0,6.123233995736766e-17,0.8854560256532099,0.4647231720437686,1,0,1,1.0,0.0,1.0,0.0,0.0,204832.234375,221782.9,241793.046875,36960.8125,1563.09375
2026-03-02,234382.0,0,3,0,1.0,0.0,0.0,none,223346.0,234314.0,240571.0,233036.0,243151.0,228232.0,233362.7142857143,5141.993508174747,235305.14285714287,236080.76666666666,4864.891058657523,-1384.2857142857142,-162.86666666666667,1.0,6.123233995736766e-17,0.0,1.0,1.0,6.123233995736766e-17,0.9350162426854148,0.35460488704253557,1,0,3,0.0,0.9866666666666667,0.01,0.0,0.0033333333333333335,209394.1875,226064.39,237021.375,27627.1875,8317.609375
2026-03-03,225979.0,1,3,0,1.0,0.0,0.0,none,234382.0,223346.0,234314.0,233036.0,239955.0,232988.0,233555.0,5152.895108578863,234678.7857142857,236285.76666666666,4647.467628443826,192.28571428571428,46.46666666666667,1.0,6.123233995736766e-17,0.7818314824680298,0.6234898018587336,1.0,6.123233995736766e-17,0.9350162426854148,0.35460488704253557,1,0,3,0.0,0.99,0.01,0.0,0.0,218389.015625,229393.42,236398.265625,18009.25,3414.421875
2026-03-04,209874.0,2,3,0,0.0,0.0,1.0,Holi,225979.0,234382.0,223346.0,235637.0,235720.0,235520.0,232546.85714285713,5906.5771088569745,233680.5,236052.13333333333,4983.027550373204,-1379.7142857142858,-318.03333333333336,1.0,6.123233995736766e-17,0.9749279121818236,-0.22252093395631434,1.0,6.123233995736766e-17,0.9350162426854148,0.35460488704253557,0,0,3,0.0,0.9666666666666667,0.03333333333333333,0.0,0.0,216193.578125,228040.17,234444.28125,18250.703125,18166.171875
2026-03-05,222190.0,3,3,0,0.0,0.0,1.0,Holi,209874.0,225979.0,234382.0,233599.0,238871.0,234928.0,228866.42857142858,10157.234742737022,231834.35714285713,235197.26666666666,6906.203937254658,-3389.285714285714,-835.1333333333333,1.0,6.123233995736766e-17,0.43388373911755823,-0.900968867902419,1.0,6.123233995736766e-17,0.9350162426854148,0.35460488704253557,0,0,3,0.0,0.9566666666666667,0.03,0.013333333333333334,0.0,208972.71875,213749.52,230166.84375,21194.125,8440.484375
2026-03-06,234068.0,4,3,0,0.0,0.0,0.0,none,222190.0,209874.0,225979.0,240571.0,236034.0,235926.0,227236.57142857142,10186.583756052083,230642.85714285713,234772.66666666666,7303.475456732237,-2625.8571428571427,-457.8666666666667,1.0,6.123233995736766e-17,-0.433883739117558,-0.9009688679024191,1.0,6.123233995736766e-17,0.9350162426854148,0.35460488704253557,0,0,1,1.0,0.03666666666666667,0.9466666666666667,0.01,0.006666666666666667,211933.0625,221372.97,230301.34375,18368.28125,12695.03125
2026-03-07,238378.0,5,3,1,0.0,0.0,0.0,none,234068.0,222190.0,209874.0,234314.0,227112.0,240039.0,226307.57142857142,8994.619463086303,230502.42857142858,234710.73333333334,7301.235521012667,-35.142857142857146,-199.03333333333333,1.0,6.123233995736766e-17,-0.9749279121818236,-0.2225209339563146,1.0,6.123233995736766e-17,0.9350162426854148,0.35460488704253557,0,0,1,1.0,0.023333333333333334,0.97,0.006666666666666667,0.0,203895.171875,227973.89,235301.078125,31405.90625,10404.109375
2026-03-08,223392.0,6,3,1,0.0,0.0,0.0,none,238378.0,234068.0,222190.0,223346.0,239890.0,235957.0,226888.14285714287,9700.96198715401,231307.14285714287,234655.36666666667,7265.648080749382,2147.4285714285716,80.7,1.0,6.123233995736766e-17,-0.7818314824680299,0.6234898018587334,1.0,6.123233995736766e-17,0.9350162426854148,0.35460488704253557,0,0,1,1.0,0.016666666666666666,0.9833333333333333,0.0,0.0,215097.890625,226538.44,232645.859375,17547.96875,3146.4375
2026-03-09,236441.0,0,3,0,0.0,0.0,0.0,none,223392.0,238378.0,234068.0,234382.0,233036.0,226841.0,226894.7142857143,9698.177813629658,230128.7142857143,234236.53333333333,7544.8227452628435,-1570.0,-114.96666666666667,1.0,6.123233995736766e-17,0.0,1.0,1.0,6.123233995736766e-17,0.970941817426052,0.23931566428755804,0,0,3,0.0,0.9933333333333333,0.006666666666666667,0.0,0.0,217162.28125,231933.02,233757.4375,16595.15625,4507.984375
2026-03-10,235015.0,1,3,0,0.0,0.0,0.0,none,236441.0,223392.0,238378.0,225979.0,233036.0,238975.0,227188.85714285713,9989.948288631951,230371.92857142858,234556.53333333333,7422.937232254288,1494.5714285714287,-84.46666666666667,1.0,6.123233995736766e-17,0.7818314824680298,0.6234898018587336,1.0,6.123233995736766e-17,0.970941817426052,0.23931566428755804,0,0,3,0.0,0.9633333333333334,0.02666666666666667,0.01,0.0,215412.359375,228754.45,235373.578125,19961.21875,6260.546875
2026-03-11,236562.0,2,3,0,0.0,0.0,0.0,none,235015.0,236441.0,223392.0,209874.0,235637.0,240780.0,228479.7142857143,10383.600639378987,230513.2857142857,234424.53333333333,7376.721403931998,3591.5714285714284,-192.16666666666666,1.0,6.123233995736766e-17,0.9749279121818236,-0.22252093395631434,1.0,6.123233995736766e-17,0.970941817426052,0.23931566428755804,0,0,3,0.0,0.94,0.04,0.02,0.0,213801.40625,229649.23,235432.0,21630.59375,6912.765625
2026-03-12,236770.0,3,3,0,0.0,0.0,0.0,none,236562.0,235015.0,236441.0,222190.0,233599.0,239740.0,232292.2857142857,6637.215849896033,230579.35714285713,234283.93333333332,7291.110075516456,2053.1428571428573,-105.93333333333334,1.0,6.123233995736766e-17,0.43388373911755823,-0.900968867902419,1.0,6.123233995736766e-17,0.970941817426052,0.23931566428755804,0,0,3,0.0,0.9566666666666667,0.03666666666666667,0.006666666666666667,0.0,217214.265625,225793.94,237018.1875,19803.921875,10976.0625
2026-03-13,237362.0,4,3,0,0.0,0.0,0.0,none,236770.0,236562.0,235015.0,234068.0,240571.0,238802.0,234375.14285714287,5032.254247307011,230805.85714285713,234184.93333333332,7234.415191829982,386.0,-67.73333333333333,1.0,6.123233995736766e-17,-0.433883739117558,-0.9009688679024191,1.0,6.123233995736766e-17,0.970941817426052,0.23931566428755804,0,0,1,1.0,0.02,0.9766666666666667,0.0033333333333333335,0.0,207156.0625,226195.5,240216.65625,33060.59375,11166.5
2026-03-14,230534.0,5,3,1,0.0,0.0,0.0,none,237362.0,236770.0,236562.0,238378.0,234314.0,244206.0,234845.7142857143,5151.349555030298,230576.64285714287,234136.93333333332,7207.451746978391,-145.14285714285714,-228.13333333333333,1.0,6.123233995736766e-17,-0.9749279121818236,-0.2225209339563146,1.0,6.123233995736766e-17,0.970941817426052,0.23931566428755804,0,0,1,1.0,0.0033333333333333335,0.9966666666666667,0.0,0.0,202452.125,227562.77,240750.796875,38298.671875,2971.234375
2026-03-15,216329.0,6,3,1,0.0,0.0,0.0,none,230534.0,237362.0,236770.0,223392.0,223346.0,238912.0,233725.14285714287,5107.877720691782,230306.64285714287,233681.2,6977.39626073188,1020.2857142857143,-279.26666666666665,1.0,6.123233995736766e-17,-0.7818314824680299,0.6234898018587334,1.0,6.123233995736766e-17,0.970941817426052,0.23931566428755804,0,0,1,1.0,0.0033333333333333335,0.9966666666666667,0.0,0.0,196814.125,217864.17,237346.703125,40532.578125,1535.171875
2026-03-16,224638.0,0,3,0,0.0,0.0,0.0,none,216329.0,230534.0,237362.0,236441.0,234382.0,237727.0,232716.14285714287,7585.818642454232,229805.42857142858,232928.43333333332,7585.320545054773,-2873.1428571428573,-713.2666666666667,1.0,6.123233995736766e-17,0.0,1.0,1.0,6.123233995736766e-17,0.992708874098054,0.120536680255323,0,0,3,0.0,0.9733333333333334,0.02,0.006666666666666667,0.0,211121.25,223780.19,233567.109375,22445.859375,857.8125
2026-03-17,221412.0,1,3,0,0.0,0.0,0.0,none,224638.0,216329.0,230534.0,235015.0,225979.0,238578.0,231030.0,7924.099885792437,229109.42857142858,232492.13333333333,7675.689023245753,-1482.4285714285713,-464.6666666666667,1.0,6.123233995736766e-17,0.7818314824680298,0.6234898018587336,1.0,6.123233995736766e-17,0.992708874098054,0.120536680255323,0,0,3,0.0,0.9666666666666667,0.02666666666666667,0.006666666666666667,0.0,214141.140625,221791.94,233825.28125,19684.140625,379.9375
2026-03-18,222527.0,2,3,0,0.0,1.0,0.0,Eid ul Fitr,221412.0,224638.0,216329.0,236562.0,209874.0,243151.0,229086.7142857143,8435.434561308088,228783.2142857143,231919.93333333332,7844.345764824986,-2164.285714285714,-724.6333333333333,1.0,6.123233995736766e-17,0.9749279121818236,-0.22252093395631434,1.0,6.123233995736766e-17,0.992708874098054,0.120536680255323,0,0,3,0.0,0.95,0.03666666666666667,0.013333333333333334,0.0,213537.890625,215647.81,230024.28125,16486.390625,6879.1875
2026-03-19,208390.0,3,3,0,0.0,1.0,0.0,Eid ul Fitr,222527.0,221412.0,224638.0,236770.0,222190.0,239955.0,227081.7142857143,8020.2776077126955,229687.0,231232.46666666667,7729.011801637554,-2034.7142857142858,-580.9333333333333,1.0,6.123233995736766e-17,0.43388373911755823,-0.900968867902419,1.0,6.123233995736766e-17,0.992708874098054,0.120536680255323,0,0,3,0.0,0.96,0.02666666666666667,0.013333333333333334,0.0,214314.125,218706.6,228905.421875,14591.296875,10316.59375
2026-03-20,199609.0,4,3,0,1.0,0.0,0.0,none,208390.0,222527.0,221412.0,237362.0,234068.0,235720.0,223027.42857142858,9366.658882390424,228701.2857142857,230180.3,8600.070437360084,-4138.857142857143,-911.0,1.0,6.123233995736766e-17,-0.433883739117558,-0.9009688679024191,1.0,6.123233995736766e-17,0.992708874098054,0.120536680255323,0,0,1,1.0,0.023333333333333334,0.9366666666666666,0.03666666666666667,0.0033333333333333335,177891.84375,210468.98,236854.28125,58962.4375,10859.984375
2026-03-21,200141.0,5,3,1,0.0,0.0,1.0,Eid ul Fitr,199609.0,208390.0,222527.0,230534.0,238378.0,238871.0,217634.14285714287,10533.564882928906,226239.92857142858,228976.6,10179.974309294745,-4417.857142857143,-1308.7333333333333,1.0,6.123233995736766e-17,-0.9749279121818236,-0.2225209339563146,1.0,6.123233995736766e-17,0.992708874098054,0.120536680255323,0,0,1,1.0,0.023333333333333334,0.8966666666666666,0.06333333333333334,0.016666666666666666,189955.21875,206378.62,221045.609375,31090.390625,6237.625
2026-03-22,194118.0,6,3,1,0.0,0.0,1.0,Eid ul Fitr,200141.0,199609.0,208390.0,216329.0,223392.0,236034.0,213292.2857142857,10593.847297910455,223508.7142857143,227685.6,11278.476109461577,-2312.5714285714284,-1196.4333333333334,1.0,6.123233995736766e-17,-0.7818314824680299,0.6234898018587334,1.0,6.123233995736766e-17,0.992708874098054,0.120536680255323,0,0,1,1.0,0.04,0.7766666666666666,0.13333333333333333,0.05,187289.546875,199893.69,217305.34375,30015.796875,5775.6875
2026-03-23,210735.0,0,3,0,0.0,0.0,0.0,none,194118.0,200141.0,199609.0,224638.0,236441.0,227112.0,210119.2857142857,12657.894107556418,221417.7142857143,226288.4,12713.608822153197,-4360.0,-1099.8,1.0,6.123233995736766e-17,0.0,1.0,1.0,6.123233995736766e-17,1.0,-1.6081226496766366e-16,0,0,3,0.0,0.8333333333333334,0.006666666666666667,0.12,0.04,194092.5625,209511.34,211341.0,17248.4375,1223.65625
2026-03-24,217043.0,1,3,0,0.0,1.0,0.0,Ram Navami,210735.0,194118.0,200141.0,221412.0,235015.0,239890.0,208133.14285714287,10979.574937562025,219581.57142857142,225742.5,13024.81631282116,-1525.2857142857142,-971.8333333333334,1.0,6.123233995736766e-17,0.7818314824680298,0.6234898018587336,1.0,6.123233995736766e-17,1.0,-1.6081226496766366e-16,0,0,3,0.0,0.84,0.023333333333333334,0.09666666666666666,0.04,205619.0,212481.08,214792.15625,9173.15625,4561.921875
2026-03-25,218742.0,2,3,0,0.0,1.0,0.0,Ram Navami,217043.0,210735.0,194118.0,222527.0,236562.0,233036.0,207509.0,10195.072518951647,218297.85714285713,224980.93333333332,12835.64459091721,-783.4285714285714,-533.1,1.0,6.123233995736766e-17,0.9749279121818236,-0.22252093395631434,1.0,6.123233995736766e-17,1.0,-1.6081226496766366e-16,0,0,3,0.0,0.85,0.02,0.09,0.04,210019.921875,218887.05,222516.34375,12496.421875,145.046875
2026-03-26,223004.0,3,3,0,1.0,0.0,0.0,none,218742.0,217043.0,210735.0,208390.0,236770.0,233036.0,206968.2857142857,9329.437134045742,217025.0,224504.46666666667,12791.55023559928,1478.857142857143,-476.46666666666664,1.0,6.123233995736766e-17,0.43388373911755823,-0.900968867902419,1.0,6.123233995736766e-17,1.0,-1.6081226496766366e-16,0,0,3,0.0,0.79,0.07333333333333333,0.09333333333333334,0.043333333333333335,204714.28125,216372.44,223362.53125,18648.25,6631.5625
2026-03-27,224062.0,4,3,0,0.0,0.0,1.0,Ram Navami,223004.0,218742.0,217043.0,199609.0,237362.0,235637.0,209056.0,11156.787082310771,216041.7142857143,224170.06666666668,12691.564676052045,3342.1428571428573,-421.1,1.0,6.123233995736766e-17,-0.433883739117558,-0.9009688679024191,1.0,6.123233995736766e-17,1.0,-1.6081226496766366e-16,0,0,1,1.0,0.03333333333333333,0.82,0.09666666666666666,0.05,205779.078125,221043.64,227402.890625,21623.8125,3018.359375
2026-03-28,216521.0,5,3,1,0.0,0.0,1.0,Ram Navami,224062.0,223004.0,218742.0,200141.0,230534.0,233599.0,212549.2857142857,11527.910329779865,215091.7142857143,223784.23333333334,12505.521127397762,3417.285714285714,-317.9,1.0,6.123233995736766e-17,-0.9749279121818236,-0.2225209339563146,1.0,6.123233995736766e-17,1.0,-1.6081226496766366e-16,0,1,1,1.0,0.006666666666666667,0.8166666666666667,0.12666666666666668,0.05,209742.265625,220102.53,229646.171875,19903.90625,3581.53125
2026-03-29,206267.0,6,3,1,0.0,0.0,0.0,none,216521.0,224062.0,223004.0,194118.0,216329.0,240571.0,214889.2857142857,10172.152012796776,214090.7857142857,223214.96666666667,12431.823289814398,3200.4285714285716,-801.6666666666666,1.0,6.123233995736766e-17,-0.7818314824680299,0.6234898018587334,1.0,6.123233995736766e-17,1.0,-1.6081226496766366e-16,0,1,1,1.0,0.01,0.8133333333333334,0.12666666666666668,0.05,193921.5,209097.12,226499.015625,32577.515625,2830.125
2026-03-30,226325.0,0,3,0,0.0,1.0,0.0,Mahavir Jayanti,206267.0,216521.0,224062.0,210735.0,224638.0,234314.0,216624.85714285713,6359.351419461542,213372.07142857142,222071.5,12357.788106262698,-638.2857142857143,-934.9,1.0,6.123233995736766e-17,0.0,1.0,1.0,6.123233995736766e-17,0.992708874098054,-0.12053668025532288,0,1,3,0.0,0.8666666666666667,0.01,0.08,0.043333333333333335,203896.953125,215527.0,220201.734375,16304.78125,10798.0
2026-03-31,216186.0,1,3,0,1.0,0.0,0.0,none,226325.0,206267.0,216521.0,217043.0,221412.0,223346.0,218852.0,6674.944444214547,213492.57142857142,221805.2,12169.519392090246,1326.0,99.3,1.0,6.123233995736766e-17,0.7818314824680298,0.6234898018587336,1.0,6.123233995736766e-17,0.992708874098054,-0.12053668025532288,0,1,3,0.0,0.8666666666666667,0.01,0.08333333333333333,0.04,211130.3125,223152.64,229617.4375,18487.125,6966.640625
