date,max_demand_met_mw,day_of_week,month,is_weekend,is_festival,is_pre,is_post,festival_name,lag_1,lag_2,lag_3,lag_7,lag_14,lag_30,rolling_mean_7,rolling_std_7,rolling_mean_14,rolling_mean_30,rolling_std_30,trend_7d,trend_30d,momentum_ratio_7d,momentum_ratio_30d,month_sin,month_cos,dow_sin,dow_cos,quarter_sin,quarter_cos,woy_sin,woy_cos,is_month_start,is_month_end,regime_raw,regime,rp_0,rp_1,rp_2,rp_3,forecast,lower_conf,upper_conf,pi_width,abs_error
2025-10-24,197085.0,4,10,0,0.0,0.0,1.0,Govardhan Puja,190183.0,182216.0,176506.0,209673.0,205917.0,226825.0,190684.57142857142,12481.544974577208,198553.42857142858,206299.63333333333,14338.517175494664,-2784.285714285714,-1221.4,-0.014601449356794544,-0.005920485944541453,-0.8660254037844386,0.5000000000000001,-0.433883739117558,-0.9009688679024191,-2.4492935982947064e-16,1.0,-0.8854560256532101,0.464723172043768,0,0,0,2.0,0.0,0.0,0.09666666666666666,0.9033333333333333,195702.77,186275.69375,205129.8375,18854.14374999999,1382.234375
2025-10-25,198249.0,5,10,1,0.0,0.0,0.0,none,197085.0,190183.0,182216.0,204435.0,206278.0,229159.0,188886.2857142857,9937.320526082858,197922.57142857142,205308.3,13891.619535557835,-1050.0,-1069.1333333333334,-0.005558870709742998,-0.005207427687558885,-0.8660254037844386,0.5000000000000001,-0.9749279121818236,-0.2225209339563146,-2.4492935982947064e-16,1.0,-0.8854560256532101,0.464723172043768,0,0,2,3.0,0.0,0.0,0.06666666666666667,0.9333333333333333,195546.56,186498.6046875,204594.5203125,18095.915625000023,2702.4375
2025-10-26,185956.0,6,10,1,0.0,0.0,0.0,none,198249.0,197085.0,190183.0,191639.0,194447.0,228599.0,188002.57142857142,8494.442121316344,197349.07142857142,204277.96666666667,13190.207873929608,944.2857142857143,-1011.6666666666666,0.005022700936532361,-0.004952378030761528,-0.8660254037844386,0.5000000000000001,-0.7818314824680299,0.6234898018587334,-2.4492935982947064e-16,1.0,-0.8854560256532101,0.464723172043768,0,0,2,3.0,0.0,0.0,0.05,0.95,191503.1,182455.1359375,200551.0515625,18095.915625000023,5547.09375
2025-10-27,189372.0,0,10,0,0.0,0.0,0.0,none,185956.0,198249.0,197085.0,180140.0,209433.0,224157.0,187190.7142857143,8359.4690763294,196742.57142857142,202856.53333333333,12769.891241762458,830.8571428571429,-1273.3666666666666,0.004438535893682718,-0.006277147541640882,-0.8660254037844386,0.5000000000000001,0.0,1.0,-2.4492935982947064e-16,1.0,-0.822983865893657,0.5680647467311548,0,0,2,3.0,0.0,0.0,0.04666666666666667,0.9533333333333334,193748.1,184700.1359375,202796.0515625,18095.915625000023,4376.09375
2025-10-28,188905.0,1,10,0,0.0,0.0,0.0,none,189372.0,185956.0,198249.0,176506.0,209109.0,222737.0,188509.57142857142,7769.106402008326,195309.64285714287,201697.03333333333,12341.160593394767,1838.0,-1112.1666666666667,0.009750116325420173,-0.0055140183981301424,-0.8660254037844386,0.5000000000000001,0.7818314824680298,0.6234898018587336,-2.4492935982947064e-16,1.0,-0.822983865893657,0.5680647467311548,0,1,2,3.0,0.0,0.0,0.03666666666666667,0.9633333333333334,193899.38,184851.4171875,202947.3328125,18095.915625000023,4994.375
2025-10-29,191246.0,2,10,0,0.0,0.0,0.0,none,188905.0,189372.0,185956.0,182216.0,209062.0,214305.0,190280.85714285713,5719.302854620471,193866.5,200569.3,11889.760219588841,955.5714285714286,-846.6666666666666,0.005021873566506228,-0.004221296306914168,-0.8660254037844386,0.5000000000000001,0.9749279121818236,-0.22252093395631434,-2.4492935982947064e-16,1.0,-0.822983865893657,0.5680647467311548,0,1,2,3.0,0.0033333333333333335,0.0,0.03,0.9666666666666667,193772.27,184724.3078125,202820.2234375,18095.915625000023,2526.265625
2025-10-30,191290.0,3,10,0,0.0,0.0,0.0,none,191246.0,188905.0,189372.0,190183.0,210710.0,226562.0,191570.85714285713,4481.50701693862,192593.92857142858,199800.66666666666,11715.236316610546,151.85714285714286,-1177.2,0.000792690247523682,-0.0058918427440545216,-0.8660254037844386,0.5000000000000001,0.43388373911755823,-0.900968867902419,-2.4492935982947064e-16,1.0,-0.822983865893657,0.5680647467311548,0,1,2,3.0,0.0,0.0,0.016666666666666666,0.9833333333333333,192557.83,183509.8703125,201605.7859375,18095.915625000023,1267.828125
2025-10-31,191223.0,4,10,0,0.0,0.0,0.0,none,191290.0,191246.0,188905.0,197085.0,209673.0,215607.0,191729.0,4443.742791838089,191206.7857142857,198624.93333333332,10659.216694820272,-827.8571428571429,-810.5666666666667,-0.004317827897862322,-0.004080870272394777,-0.8660254037844386,0.5000000000000001,-0.433883739117558,-0.9009688679024191,-2.4492935982947064e-16,1.0,-0.822983865893657,0.5680647467311548,0,1,2,3.0,0.0,0.0033333333333333335,0.03,0.9666666666666667,191228.8,182180.8390625,200276.7546875,18095.915625000023,5.796875
2025-11-01,189169.0,5,11,1,0.0,0.0,0.0,none,191223.0,191290.0,191246.0,198249.0,204435.0,205145.0,190891.57142857142,3766.992472215346,189888.92857142858,197812.13333333333,10241.105189326987,-1003.7142857142857,-464.06666666666666,-0.005258005998886434,-0.002345985116593202,-0.5000000000000004,0.8660254037844384,-0.9749279121818236,-0.2225209339563146,-2.4492935982947064e-16,1.0,-0.822983865893657,0.5680647467311548,1,0,2,3.0,0.0,0.0,0.0,1.0,188361.14,179313.1828125,197409.0984375,18095.915625000023,807.859375
2025-11-02,181349.0,6,11,1,0.0,0.0,0.0,none,189169.0,191223.0,191290.0,185956.0,191639.0,185917.0,189594.42857142858,1923.487878584145,188798.5,197279.6,10262.002051761387,459.0,108.4,0.0024209444471234988,0.0005494711593537327,-0.5000000000000004,0.8660254037844384,-0.7818314824680299,0.6234898018587334,-2.4492935982947064e-16,1.0,-0.822983865893657,0.5680647467311548,1,0,2,3.0,0.0,0.0,0.0,1.0,187320.06,178272.1046875,196368.0203125,18095.915625000023,5971.0625
2025-11-03,196751.0,0,11,0,0.0,1.0,0.0,Guru Nanak Jayanti,181349.0,189169.0,191223.0,189372.0,180140.0,208698.0,188936.2857142857,3509.883650223703,188063.5,197127.33333333334,10468.230560007813,-1146.142857142857,-911.6333333333333,-0.006066260837874397,-0.004624567751972065,-0.5000000000000004,0.8660254037844384,0.0,1.0,-2.4492935982947064e-16,1.0,-0.7485107481711011,0.6631226582407952,1,0,2,3.0,0.0,0.0,0.0,1.0,179746.92,170698.9640625,188794.8796875,18095.915625000023,17004.078125
2025-11-04,195965.0,1,11,0,0.0,1.0,0.0,Guru Nanak Jayanti,196751.0,181349.0,189169.0,188905.0,176506.0,207987.0,189990.42857142858,4601.034153940486,189250.0,196729.1,10237.583373750535,1120.857142857143,-374.53333333333336,0.005899514263801375,-0.001903792725837751,-0.5000000000000004,0.8660254037844384,0.7818314824680298,0.6234898018587336,-2.4492935982947064e-16,1.0,-0.7485107481711011,0.6631226582407952,0,0,2,3.0,0.0,0.0,0.0,1.0,194346.86,185298.9015625,203394.8171875,18095.915625000023,1618.140625
2025-11-05,196314.0,2,11,0,1.0,0.0,0.0,none,195965.0,196751.0,181349.0,191246.0,182216.0,195611.0,190999.0,5073.03206508159,190639.92857142858,196328.36666666667,10014.57766246197,674.1428571428571,11.8,0.0035295437546746444,6.010308187890384e-05,-0.5000000000000004,0.8660254037844384,0.9749279121818236,-0.22252093395631434,-2.4492935982947064e-16,1.0,-0.7485107481711011,0.6631226582407952,0,0,2,3.0,0.0,0.0,0.0,1.0,195983.42,186935.4640625,205031.3796875,18095.915625000023,330.578125
2025-11-06,196009.0,3,11,0,0.0,0.0,1.0,Guru Nanak Jayanti,196314.0,195965.0,196751.0,191290.0,190183.0,204523.0,191723.0,5460.966184355965,191646.92857142858,196351.8,10013.663639042059,717.7142857142857,-273.6333333333333,0.0037434764855432063,-0.0013935799913896484,-0.5000000000000004,0.8660254037844384,0.43388373911755823,-0.900968867902419,-2.4492935982947064e-16,1.0,-0.7485107481711011,0.6631226582407952,0,0,2,3.0,0.0,0.0,0.0,1.0,198305.42,189257.4640625,207353.3796875,18095.915625000023,2296.421875
2025-11-07,195368.0,4,11,0,0.0,0.0,1.0,Guru Nanak Jayanti,196009.0,196314.0,195965.0,191223.0,197085.0,206129.0,192397.14285714287,5685.272448136198,192063.07142857142,196068.0,9894.029990266208,683.7142857142857,-337.3333333333333,0.003553642855180514,-0.001720482755220526,-0.5000000000000004,0.8660254037844384,-0.433883739117558,-0.9009688679024191,-2.4492935982947064e-16,1.0,-0.7485107481711011,0.6631226582407952,0,0,2,3.0,0.0,0.0,0.0,1.0,199369.75,190321.7921875,208417.7078125,18095.915625000023,4001.75
2025-11-08,193177.0,5,11,1,0.0,0.0,0.0,none,195368.0,196009.0,196314.0,189169.0,198249.0,207280.0,192989.2857142857,5757.992784362856,191940.42857142858,195709.3,9710.054089661377,885.5714285714286,-397.06666666666666,0.004588683960406593,-0.0020288491033260215,-0.5000000000000004,0.8660254037844384,-0.9749279121818236,-0.2225209339563146,-2.4492935982947064e-16,1.0,-0.7485107481711011,0.6631226582407952,0,0,2,3.0,0.0,0.0,0.0,1.0,194629.5,185581.5421875,203677.4578125,18095.915625000023,1452.5
2025-11-09,178793.0,6,11,1,0.0,0.0,0.0,none,193177.0,195368.0,196009.0,181349.0,185956.0,205917.0,193561.85714285713,5508.670027892696,191578.14285714287,195239.2,9468.952872961034,1689.7142857142858,-424.6666666666667,0.00872953783931392,-0.0021750985025966304,-0.5000000000000004,0.8660254037844384,-0.7818314824680299,0.6234898018587334,-2.4492935982947064e-16,1.0,-0.7485107481711011,0.6631226582407952,0,0,2,3.0,0.0,0.0,0.0,1.0,188075.9,179027.9484375,197123.8640625,18095.915625000023,9282.90625
2025-11-11,197375.0,1,11,0,0.0,0.0,0.0,none,178793.0,193177.0,195368.0,196751.0,189372.0,206278.0,193196.7142857143,6456.322862494928,191066.5,194335.06666666668,9706.217978373003,-2565.4285714285716,-916.1666666666666,-0.013278772892906156,-0.004714341925207912,-0.5000000000000004,0.8660254037844384,0.7818314824680298,0.6234898018587336,-2.4492935982947064e-16,1.0,-0.6631226582407955,0.7485107481711007,0,0,2,3.0,0.0,0.0,0.0,1.0,178025.05,168977.0890625,187073.0046875,18095.915625000023,19349.953125
2025-11-12,196881.0,2,11,0,0.0,0.0,0.0,none,197375.0,178793.0,193177.0,195965.0,188905.0,194447.0,193285.85714285713,6517.593227273644,191638.14285714287,194038.3,9461.49142632166,201.42857142857142,97.6,0.0010421224412568144,0.0005029908889590924,-0.5000000000000004,0.8660254037844384,0.9749279121818236,-0.22252093395631434,-2.4492935982947064e-16,1.0,-0.6631226582407955,0.7485107481711007,0,0,2,3.0,0.0,0.0,0.0,1.0,198528.7,189480.7453125,207576.6609375,18095.915625000023,1647.703125
2025-11-13,200195.0,3,11,0,0.0,0.0,0.0,none,196881.0,197375.0,178793.0,196314.0,191246.0,209433.0,193416.7142857143,6589.151556771786,192207.85714285713,194119.43333333332,9475.542399845917,81.0,-418.4,0.00041878273817437317,-0.002155363002314886,-0.5000000000000004,0.8660254037844384,0.43388373911755823,-0.900968867902419,-2.4492935982947064e-16,1.0,-0.6631226582407955,0.7485107481711007,0,0,2,3.0,0.0,0.0,0.0,1.0,198602.62,189554.6671875,207650.5828125,18095.915625000023,1592.375
2025-11-14,199057.0,4,11,0,0.0,0.0,0.0,none,200195.0,196881.0,197375.0,196009.0,191290.0,209109.0,193971.14285714287,7022.5905103603545,192847.07142857142,193811.5,9103.530401765887,598.0,-297.1333333333333,0.0030829169136952655,-0.0015330968504783404,-0.5000000000000004,0.8660254037844384,-0.433883739117558,-0.9009688679024191,-2.4492935982947064e-16,1.0,-0.6631226582407955,0.7485107481711007,0,0,2,3.0,0.0,0.0,0.0,1.0,201316.89,192268.9328125,210364.8484375,18095.915625000023,2259.890625
2025-11-15,197020.0,5,11,1,0.0,0.0,0.0,none,199057.0,200195.0,196881.0,195368.0,191223.0,209062.0,194406.57142857142,7260.470137605448,193401.85714285713,193476.43333333332,8696.982000050906,527.0,-333.5,0.0027107997704381003,-0.0017237152377633017,-0.5000000000000004,0.8660254037844384,-0.9749279121818236,-0.2225209339563146,-2.4492935982947064e-16,1.0,-0.6631226582407955,0.7485107481711007,0,0,2,3.0,0.0,0.0,0.0,1.0,197848.84,188800.8859375,206896.8015625,18095.915625000023,828.84375
2025-11-16,187958.0,6,11,1,0.0,0.0,0.0,none,197020.0,199057.0,200195.0,193177.0,189169.0,210710.0,194642.57142857142,7323.504986393275,193815.92857142858,193075.03333333333,8217.518500691673,549.0,-456.3333333333333,0.002820540108109695,-0.002363490307186409,-0.5000000000000004,0.8660254037844384,-0.7818314824680299,0.6234898018587334,-2.4492935982947064e-16,1.0,-0.6631226582407955,0.7485107481711007,0,0,2,3.0,0.0,0.0,0.0,1.0,190678.67,181630.7140625,199726.6296875,18095.915625000023,2720.671875
2025-11-17,197064.0,0,11,0,0.0,0.0,0.0,none,187958.0,197020.0,199057.0,178793.0,181349.0,209673.0,193897.0,7750.7721120767155,193729.42857142858,192316.63333333333,7557.224364957959,1309.2857142857142,-723.8333333333334,0.006752445689412548,-0.0037637387731303544,-0.5000000000000004,0.8660254037844384,0.0,1.0,-2.4492935982947064e-16,1.0,-0.5680647467311559,0.8229838658936564,0,0,2,3.0,0.0,0.0033333333333333335,0.0033333333333333335,0.9933333333333333,195929.55,186881.5890625,204977.5046875,18095.915625000023,1134.453125
2025-11-18,198174.0,1,11,0,0.0,0.0,0.0,none,197064.0,187958.0,197020.0,197375.0,196751.0,204435.0,196507.14285714287,3971.900528655868,194851.92857142858,191896.33333333334,6878.833167561363,-44.42857142857143,-245.7,-0.00022609023108457156,-0.0012803721434378103,-0.5000000000000004,0.8660254037844384,0.7818314824680298,0.6234898018587336,-2.4492935982947064e-16,1.0,-0.5680647467311559,0.8229838658936564,0,0,2,3.0,0.0,0.0,0.0033333333333333335,0.9966666666666667,195558.3,186510.3390625,204606.2546875,18095.915625000023,2615.703125
2025-11-19,199714.0,2,11,0,0.0,0.0,0.0,none,198174.0,197064.0,187958.0,196881.0,195965.0,191639.0,196621.2857142857,4012.2728269782706,194953.57142857142,191687.63333333333,6573.500334984328,184.71428571428572,217.83333333333334,0.0009394371804969064,0.001136391498783009,-0.5000000000000004,0.8660254037844384,0.9749279121818236,-0.22252093395631434,-2.4492935982947064e-16,1.0,-0.5680647467311559,0.8229838658936564,0,0,2,3.0,0.0,0.0,0.0033333333333333335,0.9966666666666667,199671.77,190623.8078125,208719.7234375,18095.915625000023,42.234375
2025-11-20,203431.0,3,11,0,0.0,0.0,0.0,none,199714.0,198174.0,197064.0,200195.0,196314.0,180140.0,197026.0,4182.122148703892,195221.35714285713,191956.8,6734.786095470287,-68.71428571428571,652.4666666666667,-0.0003487556817811047,0.0033990109631735032,-0.5000000000000004,0.8660254037844384,0.43388373911755823,-0.900968867902419,-2.4492935982947064e-16,1.0,-0.5680647467311559,0.8229838658936564,0,0,2,3.0,0.0,0.0,0.0033333333333333335,0.9966666666666667,201891.67,192843.7140625,210939.6296875,18095.915625000023,1539.328125
2025-11-21,210085.0,4,11,0,0.0,0.0,0.0,none,203431.0,199714.0,198174.0,199057.0,196009.0,176506.0,197488.2857142857,4733.32831153459,195729.7142857143,192733.16666666666,6667.732686466655,624.8571428571429,897.5,0.0031640052805758,0.004656673051396353,-0.5000000000000004,0.8660254037844384,-0.433883739117558,-0.9009688679024191,-2.4492935982947064e-16,1.0,-0.5680647467311559,0.8229838658936564,0,0,2,3.0,0.0,0.0,0.0033333333333333335,0.9966666666666667,204485.11,195437.1515625,213533.0671875,18095.915625000023,5599.890625
2025-11-22,204324.0,5,11,1,0.0,0.0,0.0,none,210085.0,203431.0,199714.0,197020.0,195368.0,182216.0,199063.7142857143,6748.690013978637,196735.14285714287,193852.46666666667,6668.198649035748,1866.4285714285713,928.9666666666667,0.0093759889999878,0.0047921075781638504,-0.5000000000000004,0.8660254037844384,-0.9749279121818236,-0.2225209339563146,-2.4492935982947064e-16,1.0,-0.5680647467311559,0.8229838658936564,0,0,2,3.0,0.0,0.0,0.006666666666666667,0.9933333333333333,206493.83,197445.8703125,215541.7859375,18095.915625000023,2169.828125
2025-11-23,198364.0,6,11,1,0.0,0.0,0.0,none,204324.0,210085.0,203431.0,187958.0,193177.0,190183.0,200107.14285714287,6941.920205740646,197374.85714285713,194589.4,6558.581783198971,2338.0,471.3666666666667,0.011683682465980894,0.002422353141093634,-0.5000000000000004,0.8660254037844384,-0.7818314824680299,0.6234898018587334,-2.4492935982947064e-16,1.0,-0.5680647467311559,0.8229838658936564,0,0,2,3.0,0.0,0.0,0.01,0.99,197940.12,188892.1671875,206988.0828125,18095.915625000023,423.875
2025-11-24,205965.0,0,11,0,0.0,0.0,0.0,none,198364.0,204324.0,210085.0,197064.0,178793.0,197085.0,201593.7142857143,4638.770480573678,197745.35714285713,194862.1,6539.100277403884,185.71428571428572,42.63333333333333,0.0009212259675175724,0.000218786077678808,-0.5000000000000004,0.8660254037844384,0.0,1.0,-2.4492935982947064e-16,1.0,-0.4647231720437684,0.88545602565321,0,0,2,3.0,0.0,0.0,0.0033333333333333335,0.9966666666666667,206475.45,197427.4953125,215523.4109375,18095.915625000023,510.453125
2025-11-25,207619.0,1,11,0,0.0,0.0,0.0,none,205965.0,198364.0,204324.0,198174.0,197375.0,198249.0,202865.2857142857,4404.178308316075,199686.2142857143,195158.1,6837.371355911047,1113.0,257.2,0.00548637244518557,0.0013178990884872906,-0.5000000000000004,0.8660254037844384,0.7818314824680298,0.6234898018587336,-2.4492935982947064e-16,1.0,-0.4647231720437684,0.88545602565321,0,0,2,3.0,0.0,0.0,0.0033333333333333335,0.9966666666666667,205292.95,196244.9953125,214340.9109375,18095.915625000023,2326.046875
2025-11-26,210885.0,2,11,0,0.0,0.0,0.0,none,207619.0,205965.0,198364.0,199714.0,196881.0,185956.0,204214.57142857142,4167.860236667531,200417.92857142858,195470.43333333332,7188.433159494325,1129.2857142857142,722.1,0.005529870745829512,0.0036941459306159487,-0.5000000000000004,0.8660254037844384,0.9749279121818236,-0.22252093395631434,-2.4492935982947064e-16,1.0,-0.4647231720437684,0.88545602565321,0,0,2,3.0,0.0,0.0,0.0033333333333333335,0.9966666666666667,208146.11,199098.1515625,217194.0671875,18095.915625000023,2738.890625
2025-11-27,211862.0,3,11,0,0.0,0.0,0.0,none,210885.0,207619.0,205965.0,203431.0,200195.0,189372.0,205810.42857142858,4294.153151172857,201418.2142857143,196301.4,7485.394567722775,1064.857142857143,717.1,0.00517394563678263,0.003653037354612068,-0.5000000000000004,0.8660254037844384,0.43388373911755823,-0.900968867902419,-2.4492935982947064e-16,1.0,-0.4647231720437684,0.88545602565321,0,0,2,3.0,0.0,0.0,0.02,0.98,211047.55,201999.5890625,220095.5046875,18095.915625000023,814.453125
2025-11-28,215543.0,4,11,0,0.0,0.0,0.0,none,211862.0,210885.0,207619.0,210085.0,199057.0,188905.0,207014.85714285713,4680.523597085127,202251.57142857142,197051.06666666668,7883.108322419432,253.85714285714286,765.2333333333333,0.0012262690711753621,0.00388340678825664,-0.5000000000000004,0.8660254037844384,-0.433883739117558,-0.9009688679024191,-2.4492935982947064e-16,1.0,-0.4647231720437684,0.88545602565321,0,1,2,3.0,0.0,0.0,0.02,0.98,213467.64,204419.6828125,222515.5984375,18095.915625000023,2075.359375
2025-11-29,211575.0,5,11,1,0.0,0.0,0.0,none,215543.0,211862.0,210885.0,204324.0,197020.0,191246.0,207794.57142857142,5634.589155599059,203429.14285714287,197939.0,8416.115362393293,1602.7142857142858,809.9,0.007712937646821843,0.004091643932504799,-0.5000000000000004,0.8660254037844384,-0.9749279121818236,-0.2225209339563146,-2.4492935982947064e-16,1.0,-0.4647231720437684,0.88545602565321,0,1,2,3.0,0.0,0.0,0.03333333333333333,0.9666666666666667,213801.14,204753.1828125,222849.0984375,18095.915625000023,2226.140625
2025-11-30,203778.0,6,11,1,0.0,0.0,0.0,none,211575.0,215543.0,211862.0,198364.0,187958.0,191290.0,208830.42857142858,5556.1878975062145,204468.7857142857,198616.63333333333,8673.120535680622,1887.2857142857142,676.1666666666666,0.009037364381387584,0.0034043637280275047,-0.5000000000000004,0.8660254037844384,-0.7818314824680299,0.6234898018587334,-2.4492935982947064e-16,1.0,-0.4647231720437684,0.88545602565321,0,1,2,3.0,0.006666666666666667,0.01,0.04666666666666667,0.9366666666666666,205042.12,195994.1671875,214090.0828125,18095.915625000023,1264.125
2025-12-01,206206.0,0,12,0,0.0,0.0,0.0,none,203778.0,211575.0,215543.0,205965.0,197064.0,191223.0,209603.85714285713,4021.2126872628914,205598.7857142857,199032.9,8608.795395528727,-312.42857142857144,418.5,-0.0014905597880092748,0.0021026568840785413,-2.4492935982947064e-16,1.0,0.0,1.0,-2.4492935982947064e-16,1.0,-0.35460488704253595,0.9350162426854147,1,0,2,3.0,0.0033333333333333335,0.0033333333333333335,0.03,0.9633333333333334,208359.97,199312.0109375,217407.9265625,18095.915625000023,2153.96875
2025-12-02,214295.0,1,12,0,0.0,0.0,0.0,none,206206.0,203778.0,211575.0,207619.0,198174.0,189169.0,209638.2857142857,3985.7404880534796,206251.7857142857,199532.33333333334,8574.632198137735,-201.85714285714286,567.9,-0.0009628784136015946,0.0028461409956565317,-2.4492935982947064e-16,1.0,0.7818314824680298,0.6234898018587336,-2.4492935982947064e-16,1.0,-0.35460488704253595,0.9350162426854147,1,0,2,3.0,0.006666666666666667,0.0033333333333333335,0.023333333333333334,0.9666666666666667,208096.34,199048.3859375,217144.3015625,18095.915625000023,6198.65625
2025-12-03,215296.0,2,12,0,0.0,0.0,0.0,none,214295.0,206206.0,203778.0,210885.0,199714.0,181349.0,210592.0,4214.206924204553,207403.2857142857,200369.86666666667,8752.731572578658,487.14285714285717,1098.2,0.002313195866637814,0.0054808367018092784,-2.4492935982947064e-16,1.0,0.9749279121818236,-0.22252093395631434,-2.4492935982947064e-16,1.0,-0.35460488704253595,0.9350162426854147,1,0,2,3.0,0.006666666666666667,0.0,0.04,0.9533333333333334,215864.27,206816.3078125,224912.2234375,18095.915625000023,568.265625
2025-12-04,214100.0,3,12,0,0.0,0.0,0.0,none,215296.0,214295.0,206206.0,211862.0,203431.0,196751.0,211222.14285714287,4579.291190734376,208516.2857142857,201501.43333333332,8395.979709867723,490.57142857142856,618.1666666666666,0.0023225268876110707,0.003067787601572388,-2.4492935982947064e-16,1.0,0.43388373911755823,-0.900968867902419,-2.4492935982947064e-16,1.0,-0.35460488704253595,0.9350162426854147,0,0,2,3.0,0.016666666666666666,0.01,0.06,0.9133333333333333,216991.17,207943.2140625,226039.1296875,18095.915625000023,2891.171875
2025-12-05,217918.0,4,12,0,0.0,0.0,0.0,none,214100.0,215296.0,214295.0,215543.0,210085.0,195965.0,211541.85714285713,4707.734254345449,209278.35714285713,202079.73333333334,8651.103421483267,-206.14285714285714,604.5,-0.0009744732576985413,0.0029913786932021557,-2.4492935982947064e-16,1.0,-0.433883739117558,-0.9009688679024191,-2.4492935982947064e-16,1.0,-0.35460488704253595,0.9350162426854147,0,0,2,3.0,0.07,0.04,0.07333333333333333,0.8166666666666667,216849.3,207801.3390625,225897.2546875,18095.915625000023,1068.703125
2025-12-06,213934.0,5,12,1,0.0,0.0,0.0,none,217918.0,214100.0,215296.0,211575.0,204324.0,196314.0,211881.14285714287,5112.35139730609,209837.85714285713,202811.5,9035.948083951418,906.1428571428571,720.1333333333333,0.004276636270163669,0.003550734463276836,-2.4492935982947064e-16,1.0,-0.9749279121818236,-0.2225209339563146,-2.4492935982947064e-16,1.0,-0.35460488704253595,0.9350162426854147,0,0,2,3.0,0.0033333333333333335,0.02666666666666667,0.056666666666666664,0.9133333333333333,216675.94,207627.9796875,225723.8953125,18095.915625000023,2741.9375
2025-12-07,207002.0,6,12,1,0.0,0.0,0.0,none,213934.0,217918.0,214100.0,203778.0,198364.0,196009.0,212218.14285714287,5166.274235481914,210524.2857142857,203398.83333333334,9170.691814175052,1450.857142857143,597.5,0.006836598825742123,0.0029375638623106047,-2.4492935982947064e-16,1.0,-0.7818314824680299,0.6234898018587334,-2.4492935982947064e-16,1.0,-0.35460488704253595,0.9350162426854147,0,0,2,3.0,0.01,0.016666666666666666,0.043333333333333335,0.93,206980.45,197932.4953125,216028.4109375,18095.915625000023,21.546875
2025-12-08,216110.0,0,12,0,0.0,0.0,0.0,none,207002.0,213934.0,217918.0,206206.0,205965.0,195368.0,212678.7142857143,4370.918847501332,211141.2857142857,203765.26666666666,9084.452489274587,113.71428571428571,387.8,0.0005346738690908797,0.001903160941915803,-2.4492935982947064e-16,1.0,0.0,1.0,-2.4492935982947064e-16,1.0,-0.2393156642875578,0.970941817426052,0,0,2,3.0,0.03,0.0033333333333333335,0.07666666666666666,0.89,214366.55,205318.5890625,223414.5046875,18095.915625000023,1743.453125
2025-12-09,220397.0,1,12,0,0.0,0.0,0.0,none,216110.0,207002.0,213934.0,214295.0,207619.0,193177.0,214093.57142857142,3427.694456296863,211865.92857142858,204456.66666666666,9211.739827181376,259.2857142857143,764.4333333333333,0.0012110802836129827,0.003738834281913289,-2.4492935982947064e-16,1.0,0.7818314824680298,0.6234898018587336,-2.4492935982947064e-16,1.0,-0.2393156642875578,0.970941817426052,0,0,2,3.0,0.12666666666666668,0.0033333333333333335,0.08666666666666667,0.7833333333333333,217009.55,207961.5890625,226057.5046875,18095.915625000023,3387.453125
2025-12-10,222472.0,2,12,0,0.0,0.0,0.0,none,220397.0,216110.0,207002.0,215296.0,210885.0,178793.0,214965.2857142857,4180.669273147859,212778.64285714287,205364.0,9401.016273016317,728.7142857142857,1386.8,0.003389900343176737,0.006752854673386409,-2.4492935982947064e-16,1.0,0.9749279121818236,-0.22252093395631434,-2.4492935982947064e-16,1.0,-0.2393156642875578,0.970941817426052,0,0,2,3.0,0.2,0.013333333333333334,0.11333333333333333,0.6733333333333333,219530.67,210482.7140625,228578.6296875,18095.915625000023,2941.328125
2025-12-11,221088.0,3,12,0,0.0,0.0,0.0,none,222472.0,220397.0,216110.0,214100.0,211862.0,197375.0,215990.42857142858,5062.162510797978,213606.2857142857,206819.96666666667,8481.347804745197,1196.0,836.5666666666667,0.005537256769448523,0.004044883263769679,-2.4492935982947064e-16,1.0,0.43388373911755823,-0.900968867902419,-2.4492935982947064e-16,1.0,-0.2393156642875578,0.970941817426052,0,0,2,3.0,0.08,0.006666666666666667,0.13333333333333333,0.78,219560.06,210512.1046875,228608.0203125,18095.915625000023,1527.9375
2025-12-12,224754.0,4,12,0,0.0,0.0,0.0,none,221088.0,222472.0,220397.0,217918.0,215543.0,196881.0,216988.7142857143,5310.185643783359,214265.2857142857,207610.4,8673.563462892593,452.85714285714283,806.9,0.00208699819872963,0.003886588116066844,-2.4492935982947064e-16,1.0,-0.433883739117558,-0.9009688679024191,-2.4492935982947064e-16,1.0,-0.2393156642875578,0.970941817426052,0,0,2,3.0,0.11333333333333333,0.05,0.14333333333333334,0.6933333333333334,218027.84,208979.8859375,227075.8015625,18095.915625000023,6726.15625
2025-12-13,221577.0,5,12,1,0.0,0.0,0.0,none,224754.0,221088.0,222472.0,213934.0,211575.0,200195.0,217965.2857142857,6082.059374760304,214923.2142857143,208539.5,8972.326387862931,1545.7142857142858,818.6333333333333,0.007091529227324803,0.003925536446557543,-2.4492935982947064e-16,1.0,-0.9749279121818236,-0.2225209339563146,-2.4492935982947064e-16,1.0,-0.2393156642875578,0.970941817426052,0,0,1,1.0,0.1,0.07333333333333333,0.15,0.6766666666666666,220205.02,213192.2703125,227217.7609375,14025.490624999977,1371.984375
2025-12-14,214183.0,6,12,1,0.0,0.0,0.0,none,221577.0,224754.0,221088.0,207002.0,203778.0,199057.0,219057.14285714287,5921.666838219773,215637.64285714287,209252.23333333334,9134.40379000438,2082.1428571428573,750.6666666666666,0.009504978130398517,0.0035873599404358065,-2.4492935982947064e-16,1.0,-0.7818314824680299,0.6234898018587334,-2.4492935982947064e-16,1.0,-0.2393156642875578,0.970941817426052,0,0,2,3.0,0.07,0.07,0.14666666666666667,0.7133333333333334,211823.53,202775.5734375,220871.4890625,18095.915625000023,2359.46875
2025-12-15,220255.0,0,12,0,0.0,0.0,0.0,none,214183.0,221577.0,224754.0,216110.0,206206.0,197020.0,220083.0,3684.6742958749287,216380.85714285713,209756.43333333332,8968.192439579367,-275.2857142857143,572.1,-0.0012508211150547713,0.0027274361194668828,-2.4492935982947064e-16,1.0,0.0,1.0,-2.4492935982947064e-16,1.0,-0.12053668025532363,0.992708874098054,0,0,2,3.0,0.26666666666666666,0.07333333333333333,0.12333333333333334,0.5366666666666666,220672.86,211624.9015625,229720.8171875,18095.915625000023,417.859375
2025-12-16,224344.0,1,12,0,0.0,0.0,0.0,none,220255.0,214183.0,221577.0,220397.0,214295.0,187958.0,220675.14285714287,3246.82847450738,217384.35714285713,210530.93333333332,8832.60701520518,-20.285714285714285,1076.5666666666666,-9.192527122810219e-05,0.005113555219968214,-2.4492935982947064e-16,1.0,0.7818314824680298,0.6234898018587336,-2.4492935982947064e-16,1.0,-0.12053668025532363,0.992708874098054,0,0,3,0.0,0.36333333333333334,0.11,0.11666666666666667,0.41,218691.56,210570.3375,226812.7875,16242.450000000012,5652.4375
2025-12-17,226989.0,2,12,0,0.0,0.0,0.0,none,224344.0,220255.0,214183.0,222472.0,215296.0,197064.0,221239.0,3521.575783653512,218102.14285714287,211743.8,8093.3467328370325,267.42857142857144,909.3333333333334,0.0012087713407547074,0.004294477754983043,-2.4492935982947064e-16,1.0,0.9749279121818236,-0.22252093395631434,-2.4492935982947064e-16,1.0,-0.12053668025532363,0.992708874098054,0,0,3,0.0,0.36,0.08333333333333333,0.14,0.4166666666666667,221534.78,213413.55625,229656.00625,16242.450000000012,5454.21875
2025-12-18,227084.0,3,12,0,0.0,0.0,0.0,none,226989.0,224344.0,220255.0,221088.0,214100.0,198174.0,221884.2857142857,4144.00031026103,218937.35714285713,212741.3,8065.753457546462,843.0,960.5,0.003799260493034689,0.004514852006394591,-2.4492935982947064e-16,1.0,0.43388373911755823,-0.900968867902419,-2.4492935982947064e-16,1.0,-0.12053668025532363,0.992708874098054,0,0,3,0.0,0.24333333333333335,0.1,0.15,0.5066666666666667,224704.28,216583.05625,232825.50625,16242.450000000012,2379.71875
2025-12-19,230406.0,4,12,0,0.0,0.0,0.0,none,227084.0,226989.0,224344.0,224754.0,217918.0,199714.0,222740.85714285713,4551.618519040471,219864.7857142857,213704.96666666667,7991.98347692191,332.85714285714283,912.3333333333334,0.0014943627889555686,0.004269105573249475,-2.4492935982947064e-16,1.0,-0.433883739117558,-0.9009688679024191,-2.4492935982947064e-16,1.0,-0.12053668025532363,0.992708874098054,0,0,1,1.0,0.08666666666666667,0.18,0.17,0.5633333333333334,224821.73,217808.9890625,231834.4796875,14025.490624999977,5584.265625
2025-12-20,229251.0,5,12,1,0.0,0.0,0.0,none,230406.0,227084.0,226989.0,221577.0,213934.0,203431.0,223548.2857142857,5391.992078206687,220756.7857142857,214728.03333333333,8102.914760722187,1261.2857142857142,899.1666666666666,0.005642092347804415,0.004187448025581388,-2.4492935982947064e-16,1.0,-0.9749279121818236,-0.2225209339563146,-2.4492935982947064e-16,1.0,-0.12053668025532363,0.992708874098054,0,0,1,1.0,0.09666666666666666,0.25,0.16666666666666666,0.4866666666666667,223613.28,216600.5359375,230626.0265625,14025.490624999977,5637.71875
2025-12-21,226534.0,6,12,1,0.0,0.0,0.0,none,229251.0,230406.0,227084.0,214183.0,207002.0,210085.0,224644.57142857142,5695.957012278927,221850.85714285713,215588.7,8231.836402775334,2152.5714285714284,638.8666666666667,0.009582078181567281,0.0029633450330264696,-2.4492935982947064e-16,1.0,-0.7818314824680299,0.6234898018587334,-2.4492935982947064e-16,1.0,-0.12053668025532363,0.992708874098054,0,0,1,1.0,0.08,0.21333333333333335,0.19,0.5166666666666667,217796.73,210783.9890625,224809.4796875,14025.490624999977,8737.265625
2025-12-22,230405.0,0,12,0,0.0,0.0,0.0,none,226534.0,229251.0,230406.0,220255.0,216110.0,204324.0,226409.0,3341.570588812295,223246.0,216137.0,8398.728717428196,897.0,740.3333333333334,0.0039618391413806815,0.0034252807619823138,-2.4492935982947064e-16,1.0,0.0,1.0,-2.4492935982947064e-16,1.0,6.432490598706546e-16,1.0,0,0,3,0.0,0.36333333333333334,0.12333333333333334,0.13,0.38333333333333336,227286.48,219165.259375,235407.709375,16242.450000000012,3118.515625
2025-12-23,231308.0,1,12,0,0.0,1.0,0.0,Christmas,230405.0,226534.0,229251.0,224344.0,220397.0,198364.0,227859.0,2250.013481444527,224267.07142857142,217006.36666666667,8483.199585400169,865.8571428571429,1068.0333333333333,0.0037999523516946496,0.004921645517103029,-2.4492935982947064e-16,1.0,0.7818314824680298,0.6234898018587336,-2.4492935982947064e-16,1.0,6.432490598706546e-16,1.0,0,0,3,0.0,0.41,0.12333333333333334,0.12333333333333334,0.3433333333333333,224885.36,216764.134375,233006.584375,16242.450000000012,6422.640625
2025-12-24,236096.0,2,12,0,1.0,0.0,0.0,none,231308.0,230405.0,226534.0,226989.0,222472.0,205965.0,228853.85714285713,1957.3602486186953,225046.42857142858,218104.5,8110.864483666273,617.0,844.7666666666667,0.002696031920418681,0.0038732020360177375,-2.4492935982947064e-16,1.0,0.9749279121818236,-0.22252093395631434,-2.4492935982947064e-16,1.0,6.432490598706546e-16,1.0,0,0,3,0.0,0.44333333333333336,0.11,0.11333333333333333,0.3333333333333333,226974.64,218853.415625,235095.865625,16242.450000000012,9121.359375
2025-12-25,236036.0,3,12,0,1.0,0.0,0.0,none,236096.0,231308.0,230405.0,227084.0,221088.0,207619.0,230154.85714285713,3165.182692390126,226019.57142857142,219108.86666666667,8415.629133091066,1287.4285714285713,949.2333333333333,0.005593724997532728,0.0043322254162903966,-2.4492935982947064e-16,1.0,0.43388373911755823,-0.900968867902419,-2.4492935982947064e-16,1.0,6.432490598706546e-16,1.0,0,0,3,0.0,0.3466666666666667,0.11,0.12333333333333334,0.42,233217.9,225096.68125,241339.13125,16242.450000000012,2818.09375
2025-12-26,239059.0,4,12,0,0.0,0.0,1.0,Christmas,236036.0,236096.0,231308.0,230406.0,224754.0,210885.0,231433.7142857143,3507.602158851179,227087.2857142857,220056.1,8673.095288660772,804.2857142857143,838.3666666666667,0.003475216398577075,0.003809768767591078,-2.4492935982947064e-16,1.0,-0.433883739117558,-0.9009688679024191,-2.4492935982947064e-16,1.0,6.432490598706546e-16,1.0,0,0,1,1.0,0.10333333333333333,0.27,0.14,0.4866666666666667,235412.38,228399.6296875,242425.1203125,14025.490624999977,3646.625
2025-12-27,232606.0,5,12,1,0.0,0.0,1.0,Christmas,239059.0,236036.0,236096.0,229251.0,221577.0,211862.0,232669.85714285713,4476.086066666507,228109.07142857142,220995.23333333334,9157.617641870309,1401.142857142857,906.5666666666667,0.006021995510518845,0.004102181530394108,-2.4492935982947064e-16,1.0,-0.9749279121818236,-0.2225209339563146,-2.4492935982947064e-16,1.0,6.432490598706546e-16,1.0,0,0,1,1.0,0.09,0.3333333333333333,0.13333333333333333,0.44333333333333336,233624.45,226611.7078125,240637.1984375,14025.490624999977,1018.453125
2025-12-28,226172.0,6,12,1,0.0,0.0,0.0,none,232606.0,239059.0,236036.0,226534.0,214183.0,215543.0,233149.14285714287,4221.365672726389,228896.85714285713,221686.7,9227.109668683463,867.4285714285714,568.7666666666667,0.003720471970545038,0.0025656212169942972,-2.4492935982947064e-16,1.0,-0.7818314824680299,0.6234898018587334,-2.4492935982947064e-16,1.0,6.432490598706546e-16,1.0,0,1,1,1.0,0.08333333333333333,0.32,0.12666666666666668,0.47,223742.28,216729.5359375,230755.0265625,14025.490624999977,2429.71875
2025-12-29,236595.0,0,12,0,0.0,0.0,0.0,none,226172.0,232606.0,239059.0,230405.0,220255.0,211575.0,233097.42857142858,4317.044817047482,229753.2142857143,222041.0,9187.048687483224,-604.7142857142857,486.56666666666666,-0.0025942443688717638,0.002191327166331895,-2.4492935982947064e-16,1.0,0.0,1.0,-2.4492935982947064e-16,1.0,0.12053668025532305,0.992708874098054,0,1,3,0.0,0.37,0.09333333333333334,0.12666666666666668,0.41,228049.6,219928.36875,236170.81875,16242.450000000012,8545.40625
2025-12-30,239690.0,1,12,0,0.0,1.0,0.0,New Year's Eve,236595.0,226172.0,232606.0,231308.0,224344.0,203778.0,233981.7142857143,4307.577846629998,230920.35714285713,222875.0,9338.590907514385,755.2857142857143,1093.9,0.0032279551786182008,0.00490811033938154,-2.4492935982947064e-16,1.0,0.7818314824680298,0.6234898018587336,-2.4492935982947064e-16,1.0,0.12053668025532305,0.992708874098054,0,1,3,0.0,0.43333333333333335,0.09333333333333334,0.11333333333333333,0.36,234975.8,226854.571875,243097.021875,16242.450000000012,4714.203125
2025-12-31,241201.0,2,12,0,1.0,0.0,0.0,none,239690.0,236595.0,226172.0,236096.0,226989.0,206206.0,235179.14285714287,4595.836754738592,232016.5,224072.06666666668,9104.998403427348,513.4285714285714,1116.1333333333334,0.002183128920626802,0.004981113303517662,-2.4492935982947064e-16,1.0,0.9749279121818236,-0.22252093395631434,-2.4492935982947064e-16,1.0,0.12053668025532305,0.992708874098054,0,1,3,0.0,0.45,0.09333333333333334,0.11666666666666667,0.34,238433.58,230312.353125,246554.803125,16242.450000000012,2767.421875
2026-01-01,232792.0,3,1,0,1.0,0.0,0.0,none,241201.0,239690.0,236595.0,236036.0,227084.0,214295.0,235908.42857142858,5138.57025696156,233031.64285714287,225238.56666666668,8977.96389129014,737.8571428571429,896.8666666666667,0.003127713662507282,0.003981834452709389,0.49999999999999994,0.8660254037844387,0.43388373911755823,-0.900968867902419,1.0,6.123233995736766e-17,0.12053668025532305,0.992708874098054,1,0,3,0.0,0.9266666666666666,0.03333333333333333,0.023333333333333334,0.016666666666666666,237043.11,228921.884375,245164.334375,16242.450000000012,4251.109375
2026-01-02,236304.0,4,1,0,0.0,0.0,1.0,New Year's Day,232792.0,241201.0,239690.0,239059.0,230406.0,215296.0,235445.0,5269.755149278665,233439.35714285713,225855.13333333333,8834.49216670962,-895.2857142857143,583.2,-0.0038025097656605522,0.0025821747295180827,0.49999999999999994,0.8660254037844387,-0.433883739117558,-0.9009688679024191,1.0,6.123233995736766e-17,0.12053668025532305,0.992708874098054,1,0,1,1.0,0.016666666666666666,0.9666666666666667,0.0,0.016666666666666666,232251.22,225238.4734375,239263.9640625,14025.490624999977,4052.78125
2026-01-03,235487.0,5,1,1,0.0,0.0,0.0,none,236304.0,232792.0,241201.0,232606.0,229251.0,214100.0,235051.42857142858,5053.2912000394945,233860.64285714287,226555.4,8801.198231900924,528.2857142857143,740.1333333333333,0.002247522893068841,0.0032668833603170483,0.49999999999999994,0.8660254037844387,-0.9749279121818236,-0.2225209339563146,1.0,6.123233995736766e-17,0.12053668025532305,0.992708874098054,1,0,1,1.0,0.006666666666666667,0.97,0.0033333333333333335,0.02,233802.8,226790.0515625,240815.5421875,14025.490624999977,1684.203125
2026-01-04,227444.0,6,1,1,0.0,0.0,0.0,none,235487.0,236304.0,232792.0,226172.0,226534.0,217918.0,235463.0,4936.908209262386,234306.07142857142,227268.3,8621.86737973664,1330.7142857142858,585.6333333333333,0.005651455363513258,0.0025768255251955867,0.49999999999999994,0.8660254037844387,-0.7818314824680299,0.6234898018587334,1.0,6.123233995736766e-17,0.12053668025532305,0.992708874098054,0,0,1,1.0,0.006666666666666667,0.9833333333333333,0.0,0.01,227330.38,220317.6296875,234343.1203125,14025.490624999977,113.625
2026-01-05,236715.0,0,1,0,0.0,0.0,0.0,none,227444.0,235487.0,236304.0,236595.0,230405.0,213934.0,235644.7142857143,4545.857371069942,234371.07142857142,227585.83333333334,8439.111029678279,-1307.2857142857142,450.3333333333333,-0.0055476744749987875,0.001978731927227776,0.49999999999999994,0.8660254037844387,0.0,1.0,1.0,6.123233995736766e-17,0.23931566428755774,0.970941817426052,0,0,3,0.0,0.9466666666666667,0.03333333333333333,0.01,0.01,231909.92,223788.696875,240031.146875,16242.450000000012,4805.078125
2026-01-06,239195.0,1,1,0,0.0,0.0,0.0,none,236715.0,227444.0,235487.0,239690.0,231308.0,207002.0,235661.85714285713,4550.262389086974,234821.7857142857,228345.2,8189.583907579346,-425.0,990.4333333333333,-0.0018034237773089886,0.004337419818386876,0.49999999999999994,0.8660254037844387,0.7818314824680298,0.6234898018587336,1.0,6.123233995736766e-17,0.23931566428755774,0.970941817426052,0,0,3,0.0,0.96,0.02,0.0,0.02,235276.81,227155.5875,243398.0375,16242.450000000012,3918.1875
2026-01-07,238321.0,2,1,0,0.0,0.0,0.0,none,239195.0,236715.0,227444.0,241201.0,236096.0,216110.0,235591.14285714287,4480.541017504413,235385.14285714287,229418.3,7364.052759506714,-286.57142857142856,769.5,-0.0012163878858438765,0.003354120599269547,0.49999999999999994,0.8660254037844387,0.9749279121818236,-0.22252093395631434,1.0,6.123233995736766e-17,0.23931566428755774,0.970941817426052,0,0,3,0.0,0.9666666666666667,0.016666666666666666,0.0,0.016666666666666666,236494.19,228372.9625,244615.4125,16242.450000000012,1826.8125
2026-01-08,238817.0,3,1,0,0.0,0.0,0.0,none,238321.0,239195.0,236715.0,232792.0,236036.0,220397.0,235179.7142857143,3984.306619489886,235544.07142857142,230158.66666666666,7091.402887970062,789.8571428571429,597.4666666666667,0.0033585115397581798,0.002595879092629899,0.49999999999999994,0.8660254037844387,0.43388373911755823,-0.900968867902419,1.0,6.123233995736766e-17,0.23931566428755774,0.970941817426052,0,0,3,0.0,0.96,0.02666666666666667,0.0033333333333333335,0.01,234299.67,226178.446875,242420.896875,16242.450000000012,4517.328125
2026-01-09,245416.0,4,1,0,0.0,0.0,0.0,none,238817.0,238321.0,239195.0,236304.0,239059.0,222472.0,236040.42857142858,4033.0108627504687,235742.7142857143,230772.66666666666,7014.071011965066,359.0,544.8333333333334,0.0015209194511859297,0.002360899062718017,0.49999999999999994,0.8660254037844387,-0.433883739117558,-0.9009688679024191,1.0,6.123233995736766e-17,0.23931566428755774,0.970941817426052,0,0,1,1.0,0.023333333333333334,0.96,0.0033333333333333335,0.013333333333333334,235773.44,228760.6921875,242786.1828125,14025.490624999977,9642.5625
2026-01-10,239438.0,5,1,1,0.0,0.0,0.0,none,245416.0,238817.0,238321.0,235487.0,232606.0,221088.0,237342.14285714287,5378.378145519904,236196.7857142857,231537.46666666667,7321.901829126802,1418.4285714285713,810.9333333333333,0.005976277866524778,0.0035023698006119643,0.49999999999999994,0.8660254037844387,-0.9749279121818236,-0.2225209339563146,1.0,6.123233995736766e-17,0.23931566428755774,0.970941817426052,0,0,1,1.0,0.013333333333333334,0.9633333333333334,0.0033333333333333335,0.02,239162.64,232149.8953125,246175.3859375,14025.490624999977,275.359375
2026-01-11,231726.0,6,1,1,0.0,0.0,0.0,none,239438.0,245416.0,238817.0,227444.0,226172.0,224754.0,237906.57142857142,5358.52457483058,236684.7857142857,232149.13333333333,7184.034346995976,1713.4285714285713,489.46666666666664,0.007202076676836682,0.0021084057098682118,0.49999999999999994,0.8660254037844387,-0.7818314824680299,0.6234898018587334,1.0,6.123233995736766e-17,0.23931566428755774,0.970941817426052,0,0,1,1.0,0.006666666666666667,0.99,0.0,0.0033333333333333335,226587.16,219574.4109375,233599.9015625,14025.490624999977,5138.84375
2026-01-12,240682.0,0,1,0,0.0,1.0,0.0,Makar Sankranti / Pongal,231726.0,239438.0,245416.0,236715.0,236595.0,221577.0,238518.2857142857,4049.638161380697,237081.5,232381.53333333333,7048.039315190627,-712.7142857142857,338.3,-0.002988078232667619,0.0014557892761877112,0.49999999999999994,0.8660254037844387,0.0,1.0,1.0,6.123233995736766e-17,0.3546048870425356,0.9350162426854148,0,0,3,0.0,0.9766666666666667,0.006666666666666667,0.013333333333333334,0.0033333333333333335,234912.89,226791.665625,243034.115625,16242.450000000012,5769.109375
2026-01-13,243313.0,1,1,0,0.0,1.0,0.0,Makar Sankranti / Pongal,240682.0,231726.0,239438.0,239195.0,239690.0,214183.0,239085.0,4032.763320604812,237373.42857142858,233018.36666666667,6899.68513266013,212.42857142857142,883.3,0.0008885027623054943,0.003790672048575075,0.49999999999999994,0.8660254037844387,0.7818314824680298,0.6234898018587336,1.0,6.123233995736766e-17,0.3546048870425356,0.9350162426854148,0,0,3,0.0,0.9833333333333333,0.006666666666666667,0.0,0.01,236828.58,228707.353125,244949.803125,16242.450000000012,6484.421875
2026-01-14,237882.0,2,1,0,1.0,0.0,0.0,none,243313.0,240682.0,231726.0,238321.0,241201.0,220255.0,239673.2857142857,4340.130632224959,237632.2142857143,233989.36666666667,6168.572184218883,713.1428571428571,768.6,0.0029754667048136757,0.0032847506115280243,0.49999999999999994,0.8660254037844387,0.9749279121818236,-0.22252093395631434,1.0,6.123233995736766e-17,0.3546048870425356,0.9350162426854148,0,0,3,0.0,0.9866666666666667,0.006666666666666667,0.0,0.006666666666666667,238909.81,230788.5875,247031.0375,16242.450000000012,1027.8125
2026-01-15,233280.0,3,1,0,0.0,0.0,1.0,Makar Sankranti / Pongal,237882.0,243313.0,240682.0,238817.0,232792.0,224344.0,239610.57142857142,4366.022211624269,237395.14285714287,234576.93333333332,5631.346779154216,-133.57142857142858,451.26666666666665,-0.0005574498250442234,0.0019237387773615535,0.49999999999999994,0.8660254037844387,0.43388373911755823,-0.900968867902419,1.0,6.123233995736766e-17,0.3546048870425356,0.9350162426854148,0,0,3,0.0,0.9833333333333333,0.016666666666666666,0.0,0.0,233845.73,225724.509375,241966.959375,16242.450000000012,565.734375
2026-01-16,238616.0,4,1,0,0.0,0.0,1.0,Makar Sankranti / Pongal,233280.0,237882.0,243313.0,245416.0,236304.0,226989.0,238819.57142857142,4990.6497859226565,237430.0,234874.8,5297.876298001799,-1733.7142857142858,209.7,-0.0072594847057922745,0.0008928122863232397,0.49999999999999994,0.8660254037844387,-0.433883739117558,-0.9009688679024191,1.0,6.123233995736766e-17,0.3546048870425356,0.9350162426854148,0,0,1,1.0,0.02,0.9766666666666667,0.0033333333333333335,0.0,233644.8,226632.0515625,240657.5421875,14025.490624999977,4971.203125
2026-01-17,236234.0,5,1,1,0.0,0.0,0.0,none,238616.0,233280.0,237882.0,239438.0,235487.0,227084.0,237848.14285714287,4069.4464991617015,237595.14285714287,235262.36666666667,5123.5151018430515,-117.42857142857143,384.4,-0.0004937102989650103,0.0016339135388835858,0.49999999999999994,0.8660254037844387,-0.9749279121818236,-0.2225209339563146,1.0,6.123233995736766e-17,0.3546048870425356,0.9350162426854148,0,0,1,1.0,0.013333333333333334,0.9866666666666667,0.0,0.0,233584.64,226571.8953125,240597.3859375,14025.490624999977,2649.359375
2026-01-18,231836.0,6,1,1,0.0,0.0,0.0,none,236234.0,238616.0,233280.0,231726.0,227444.0,230406.0,237390.42857142858,4040.908802781447,237648.5,235567.36666666667,4886.750005832412,644.0,194.26666666666668,0.002712819093239616,0.0008246721298601072,0.49999999999999994,0.8660254037844387,-0.7818314824680299,0.6234898018587334,1.0,6.123233995736766e-17,0.3546048870425356,0.9350162426854148,0,0,1,1.0,0.013333333333333334,0.9866666666666667,0.0,0.0,226821.44,219808.6921875,233834.1828125,14025.490624999977,5014.5625
2026-01-19,239120.0,0,1,0,0.0,0.0,0.0,none,231836.0,236234.0,238616.0,240682.0,236715.0,229251.0,237406.14285714287,4015.3426764772453,237962.2142857143,235615.03333333333,4841.432785096419,-1263.7142857142858,86.16666666666667,-0.0053229834220898395,0.0003657079929902903,0.49999999999999994,0.8660254037844387,0.0,1.0,1.0,6.123233995736766e-17,0.4647231720437685,0.8854560256532099,0,0,3,0.0,0.9933333333333333,0.006666666666666667,0.0,0.0,233850.11,225728.884375,241971.334375,16242.450000000012,5269.890625
2026-01-20,241056.0,1,1,0,0.0,0.0,0.0,none,239120.0,231836.0,236234.0,243313.0,239195.0,226534.0,237183.0,3842.6418429706628,238134.0,235944.0,4728.059928725264,-599.0,419.53333333333336,-0.0025254654614139233,0.0017780980030656863,0.49999999999999994,0.8660254037844387,0.7818314824680298,0.6234898018587336,1.0,6.123233995736766e-17,0.4647231720437685,0.8854560256532099,0,0,3,0.0,0.99,0.01,0.0,0.0,233916.39,225795.165625,242037.615625,16242.450000000012,7139.609375
2026-01-21,241094.0,2,1,0,0.0,0.0,0.0,none,241056.0,239120.0,231836.0,237882.0,238321.0,230405.0,236860.57142857142,3298.7595071071723,238266.92857142858,236428.06666666668,4467.64922320128,453.42857142857144,355.03333333333336,0.0019143188516981891,0.0015016484154796535,0.49999999999999994,0.8660254037844387,0.9749279121818236,-0.22252093395631434,1.0,6.123233995736766e-17,0.4647231720437685,0.8854560256532099,0,0,3,0.0,0.9933333333333333,0.006666666666666667,0.0,0.0,236721.5,228600.275,244842.725,16242.450000000012,4372.5
2026-01-22,241522.0,3,1,0,0.0,0.0,0.0,none,241094.0,241056.0,239120.0,233280.0,238817.0,231308.0,237319.42857142858,3667.325040461587,238465.0,236784.36666666667,4396.400992683349,1116.2857142857142,326.2,0.004703706802677272,0.001377618915358086,0.49999999999999994,0.8660254037844387,0.43388373911755823,-0.900968867902419,1.0,6.123233995736766e-17,0.4647231720437685,0.8854560256532099,0,0,3,0.0,0.99,0.01,0.0,0.0,232876.11,224754.884375,240997.334375,16242.450000000012,8645.890625
2026-01-23,228472.0,4,1,0,0.0,0.0,0.0,none,241522.0,241094.0,241056.0,238616.0,245416.0,236096.0,238496.85714285713,3472.1725873300124,238658.2142857143,237124.83333333334,4352.957615886942,415.14285714285717,180.86666666666667,0.001740656549774332,0.0007627455183780764,0.49999999999999994,0.8660254037844387,-0.433883739117558,-0.9009688679024191,1.0,6.123233995736766e-17,0.4647231720437685,0.8854560256532099,0,0,1,1.0,0.03333333333333333,0.9666666666666667,0.0,0.0,234000.73,226987.9890625,241013.4796875,14025.490624999977,5528.734375
2026-01-24,232815.0,5,1,1,0.0,1.0,0.0,Republic Day,228472.0,241522.0,241094.0,236234.0,239438.0,236036.0,237047.7142857143,5133.539315596756,237447.92857142858,236870.7,4628.899006276344,-1108.857142857143,-252.13333333333333,-0.00467776062906901,-0.0010644299565263952,0.49999999999999994,0.8660254037844387,-0.9749279121818236,-0.2225209339563146,1.0,6.123233995736766e-17,0.4647231720437685,0.8854560256532099,0,0,1,1.0,0.016666666666666666,0.9833333333333333,0.0,0.0,227889.1,220876.3484375,234901.8390625,14025.490624999977,4925.90625
2026-01-25,230729.0,6,1,1,0.0,1.0,0.0,Republic Day,232815.0,228472.0,241522.0,231836.0,231726.0,239059.0,236559.2857142857,5380.569322860826,236974.85714285713,236763.33333333334,4685.931345493025,139.85714285714286,-208.13333333333333,0.0005912114217940217,-0.0008790738469899041,0.49999999999999994,0.8660254037844387,-0.7818314824680299,0.6234898018587334,1.0,6.123233995736766e-17,0.4647231720437685,0.8854560256532099,0,0,1,1.0,0.01,0.99,0.0,0.0,220578.02,213565.2703125,227590.7609375,14025.490624999977,10150.984375
2026-01-26,220642.0,0,1,0,1.0,0.0,0.0,none,230729.0,232815.0,228472.0,239120.0,240682.0,232606.0,236401.14285714287,5555.941217250195,236903.64285714287,236485.66666666666,4790.834477256285,-1198.7142857142858,-62.56666666666667,-0.005070657445092049,-0.0002645674174724439,0.49999999999999994,0.8660254037844387,0.0,1.0,1.0,6.123233995736766e-17,0.5680647467311558,0.8229838658936564,0,0,3,0.0,0.9833333333333333,0.013333333333333334,0.0,0.0033333333333333335,230889.78,222768.55625,239011.00625,16242.450000000012,10247.78125
2026-01-27,232705.0,1,1,0,0.0,0.0,1.0,Republic Day,220642.0,230729.0,232815.0,241056.0,243313.0,226172.0,233761.42857142858,7930.874854163127,235472.2142857143,236086.86666666667,5560.976940547009,-2916.285714285714,-184.33333333333334,-0.012475425294422847,-0.0007807827481180736,0.49999999999999994,0.8660254037844387,0.7818314824680298,0.6234898018587336,1.0,6.123233995736766e-17,0.5680647467311558,0.8229838658936564,0,0,3,0.0,0.99,0.006666666666666667,0.0033333333333333335,0.0,222256.73,214135.509375,230377.959375,16242.450000000012,10448.265625
2026-01-28,230023.0,2,1,0,0.0,0.0,1.0,Republic Day,232705.0,220642.0,230729.0,241094.0,237882.0,236595.0,232568.42857142858,7249.542304108844,234714.5,236304.63333333333,5280.149041018091,-1198.4285714285713,-129.66666666666666,-0.005152992716153578,-0.0005487243991503094,0.49999999999999994,0.8660254037844387,0.9749279121818236,-0.22252093395631434,1.0,6.123233995736766e-17,0.5680647467311558,0.8229838658936564,0,1,3,0.0,0.9833333333333333,0.016666666666666666,0.0,0.0,228768.89,220647.665625,236890.115625,16242.450000000012,1254.109375
2026-01-29,235696.0,3,1,0,0.0,0.0,0.0,none,230023.0,232705.0,220642.0,241522.0,233280.0,239690.0,230986.85714285713,6213.150607880577,234153.14285714287,236085.56666666668,5402.598804297068,-1642.7142857142858,-322.23333333333335,-0.0071116910907499786,-0.0013648948260080306,0.49999999999999994,0.8660254037844387,0.43388373911755823,-0.900968867902419,1.0,6.123233995736766e-17,0.5680647467311558,0.8229838658936564,0,1,3,0.0,0.9733333333333334,0.02666666666666667,0.0,0.0,227028.28,218907.05625,235149.50625,16242.450000000012,8667.71875
2026-01-30,240555.0,4,1,0,0.0,0.0,0.0,none,235696.0,230023.0,232705.0,228472.0,238616.0,241201.0,230154.57142857142,4795.090157553246,234325.7142857143,235952.43333333332,5359.7549782055485,1032.0,-183.5,0.004483923606951571,-0.0007776958250095393,0.49999999999999994,0.8660254037844387,-0.433883739117558,-0.9009688679024191,1.0,6.123233995736766e-17,0.5680647467311558,0.8229838658936564,0,1,1,1.0,0.02,0.98,0.0,0.0,229975.72,222962.9734375,236988.4640625,14025.490624999977,10579.28125
2026-01-31,238737.0,5,1,1,0.0,0.0,0.0,none,240555.0,235696.0,230023.0,232815.0,236234.0,232792.0,231880.7142857143,6088.763167079014,234464.2142857143,235930.9,5339.199496692331,1105.7142857142858,258.76666666666665,0.00476844105245778,0.0010967854142092132,0.49999999999999994,0.8660254037844387,-0.9749279121818236,-0.2225209339563146,1.0,6.123233995736766e-17,0.5680647467311558,0.8229838658936564,0,1,1,1.0,0.016666666666666666,0.9833333333333333,0.0,0.0,236083.27,229070.5203125,243096.0109375,14025.490624999977,2653.734375
2026-02-01,228232.0,6,2,1,0.0,0.0,0.0,none,238737.0,240555.0,235696.0,230729.0,231836.0,236304.0,232726.7142857143,6627.769527131882,234643.0,236129.06666666668,5328.996443873157,1144.0,81.1,0.004915615673497048,0.0003434547795833426,0.8660254037844386,0.5000000000000001,-0.7818314824680299,0.6234898018587334,1.0,6.123233995736766e-17,0.5680647467311558,0.8229838658936564,1,0,1,1.0,0.013333333333333334,0.9833333333333333,0.0,0.0033333333333333335,224298.67,217285.9265625,231311.4171875,14025.490624999977,3933.328125
2026-02-02,232988.0,0,2,0,0.0,0.0,0.0,none,228232.0,238737.0,240555.0,220642.0,239120.0,235487.0,232370.0,6817.683526439371,234385.57142857142,235860.0,5520.210653148564,1084.2857142857142,-241.83333333333334,0.004666183449250183,-0.0010253214110570775,0.8660254037844386,0.5000000000000001,0.0,1.0,1.0,6.123233995736766e-17,0.6631226582407952,0.7485107481711011,1,0,3,0.0,0.98,0.006666666666666667,0.006666666666666667,0.006666666666666667,231306.0,223184.775,239427.225,16242.450000000012,1682.0
2026-02-03,235520.0,1,2,0,0.0,1.0,0.0,Shab-e-Barat,232988.0,228232.0,238737.0,232705.0,241056.0,227444.0,234133.7142857143,4471.129153220444,233947.57142857142,235776.7,5544.833358706522,40.42857142857143,184.8,0.0001726722649903017,0.0007837891369709689,0.8660254037844386,0.5000000000000001,0.7818314824680298,0.6234898018587336,1.0,6.123233995736766e-17,0.6631226582407952,0.7485107481711011,1,0,3,0.0,0.9866666666666667,0.013333333333333334,0.0,0.0,231306.06,223184.8375,239427.2875,16242.450000000012,4213.9375
2026-02-04,234928.0,2,2,0,1.0,0.0,0.0,none,235520.0,232988.0,228232.0,230023.0,241094.0,236715.0,234535.85714285713,4447.743001741402,233552.14285714287,236045.9,5317.725981122673,785.2857142857143,-39.833333333333336,0.0033482401182147433,-0.00016875177489445248,0.8660254037844386,0.5000000000000001,0.9749279121818236,-0.22252093395631434,1.0,6.123233995736766e-17,0.6631226582407952,0.7485107481711011,0,0,3,0.0,0.9666666666666667,0.03,0.0,0.0033333333333333335,227512.2,219390.978125,235633.428125,16242.450000000012,7415.796875
2026-02-05,235926.0,3,2,0,0.0,0.0,1.0,Shab-e-Barat,234928.0,235520.0,232988.0,235696.0,241522.0,239195.0,235236.57142857142,3980.0628075944574,233111.7142857143,235986.33333333334,5319.980680110028,-109.71428571428571,-142.23333333333332,-0.0004663977996712138,-0.0006027159649811712,0.8660254037844386,0.5000000000000001,0.43388373911755823,-0.900968867902419,1.0,6.123233995736766e-17,0.6631226582407952,0.7485107481711011,0,0,3,0.0,0.9633333333333334,0.03666666666666667,0.0,0.0,229084.64,220963.415625,237205.865625,16242.450000000012,6841.359375
2026-02-06,240039.0,4,2,0,0.0,0.0,0.0,none,235926.0,234928.0,235520.0,240555.0,228472.0,238321.0,235269.42857142858,3985.4334710789835,232712.0,235877.36666666667,5285.358843282195,-661.2857142857143,-79.83333333333333,-0.002810747267733848,-0.00033845127241427113,0.8660254037844386,0.5000000000000001,-0.433883739117558,-0.9009688679024191,1.0,6.123233995736766e-17,0.6631226582407952,0.7485107481711011,0,0,1,1.0,0.013333333333333334,0.9866666666666667,0.0,0.0,228957.86,221945.1140625,235970.6046875,14025.490624999977,11081.140625
2026-02-07,235957.0,5,2,1,0.0,0.0,0.0,none,240039.0,235926.0,234928.0,238737.0,232815.0,238817.0,235195.7142857143,3874.609430395655,233538.2142857143,235934.63333333333,5321.929222940247,186.0,40.733333333333334,0.0007908273742891209,0.00017264595753446315,0.8660254037844386,0.5000000000000001,-0.9749279121818236,-0.2225209339563146,1.0,6.123233995736766e-17,0.6631226582407952,0.7485107481711011,0,0,1,1.0,0.013333333333333334,0.9866666666666667,0.0,0.0,230530.11,223517.3640625,237542.8546875,14025.490624999977,5426.890625
2026-02-08,226841.0,6,2,1,0.0,0.0,0.0,none,235957.0,240039.0,235926.0,228232.0,230729.0,245416.0,234798.57142857142,3582.6057489482027,233762.64285714287,235839.3,5294.059124179415,1103.5714285714287,-315.3,0.004700057252477342,-0.0013369216372265472,0.8660254037844386,0.5000000000000001,-0.7818314824680299,0.6234898018587334,1.0,6.123233995736766e-17,0.6631226582407952,0.7485107481711011,0,0,1,1.0,0.006666666666666667,0.9933333333333333,0.0,0.0,223779.84,216767.0984375,230792.5890625,14025.490624999977,3061.15625
2026-02-09,238975.0,0,2,0,0.0,0.0,0.0,none,226841.0,235957.0,240039.0,232988.0,220642.0,239438.0,234599.85714285713,4019.4745688385174,233484.92857142858,235220.13333333333,5221.110984513433,-878.1428571428571,-419.9,-0.00374313575763333,-0.0017851287171759226,0.8660254037844386,0.5000000000000001,0.0,1.0,1.0,6.123233995736766e-17,0.7485107481711011,0.6631226582407953,0,0,3,0.0,0.98,0.02,0.0,0.0,229585.14,221463.915625,237706.365625,16242.450000000012,9389.859375
2026-02-10,240780.0,1,2,0,0.0,0.0,0.0,none,238975.0,226841.0,235957.0,235520.0,232705.0,231726.0,235455.14285714287,4249.710791282096,234794.42857142858,235204.7,5208.883248832054,493.57142857142856,241.63333333333333,0.0020962350889731965,0.0010273277107371687,0.8660254037844386,0.5000000000000001,0.7818314824680298,0.6234898018587336,1.0,6.123233995736766e-17,0.7485107481711011,0.6631226582407953,0,0,3,0.0,0.9866666666666667,0.013333333333333334,0.0,0.0,232814.94,224693.7125,240936.1625,16242.450000000012,7965.0625
2026-02-11,239740.0,2,2,0,0.0,0.0,0.0,none,240780.0,238975.0,226841.0,234928.0,230023.0,240682.0,236206.57142857142,4703.857171059716,235371.2142857143,235506.5,5262.3961878495875,836.0,3.2666666666666666,0.003539259960821384,1.3870754293033838e-05,0.8660254037844386,0.5000000000000001,0.9749279121818236,-0.22252093395631434,1.0,6.123233995736766e-17,0.7485107481711011,0.6631226582407953,0,0,3,0.0,0.9766666666666667,0.02,0.0033333333333333335,0.0,231510.17,223388.946875,239631.396875,16242.450000000012,8229.828125
2026-02-12,238802.0,3,2,0,0.0,0.0,0.0,none,239740.0,240780.0,238975.0,235926.0,235696.0,243313.0,236894.0,4835.633360793145,236065.2857142857,235475.1,5233.179091471183,544.8571428571429,-119.1,0.0022999942711207197,-0.0005057838141535383,0.8660254037844386,0.5000000000000001,0.43388373911755823,-0.900968867902419,1.0,6.123233995736766e-17,0.7485107481711011,0.6631226582407953,0,0,3,0.0,0.9633333333333334,0.02666666666666667,0.01,0.0,227768.72,219647.49375,235889.94375,16242.450000000012,11033.28125
2026-02-13,244206.0,4,2,0,0.0,1.0,0.0,Maha Shivaratri,238802.0,239740.0,240780.0,240039.0,240555.0,237882.0,237304.85714285713,4861.788334506077,236287.14285714287,235324.73333333334,5062.219841087827,-176.71428571428572,30.666666666666668,-0.0007446688751888011,0.0001303158232305519,0.8660254037844386,0.5000000000000001,-0.433883739117558,-0.9009688679024191,1.0,6.123233995736766e-17,0.7485107481711011,0.6631226582407953,0,0,1,1.0,0.03333333333333333,0.9666666666666667,0.0,0.0,229298.3,222285.5515625,236311.0421875,14025.490624999977,14907.703125
2026-02-14,238912.0,5,2,1,0.0,1.0,0.0,Maha Shivaratri,244206.0,238802.0,239740.0,235957.0,238737.0,233280.0,237900.14285714287,5469.484967484536,236547.92857142858,235535.53333333333,5298.536582171203,1178.4285714285713,364.2,0.004953438042692402,0.0015462569430135112,0.8660254037844386,0.5000000000000001,-0.9749279121818236,-0.2225209339563146,1.0,6.123233995736766e-17,0.7485107481711011,0.6631226582407953,0,0,1,1.0,0.023333333333333334,0.9766666666666667,0.0,0.0,235778.72,228765.9734375,242791.4640625,14025.490624999977,3133.28125
2026-02-15,237727.0,6,2,1,1.0,0.0,0.0,none,238912.0,244206.0,238802.0,226841.0,228232.0,238616.0,238322.2857142857,5408.206933736051,236560.42857142858,235723.26666666666,5315.611327821886,1724.4285714285713,9.866666666666667,0.007235669675584725,4.185681349735171e-05,0.8660254037844386,0.5000000000000001,-0.7818314824680299,0.6234898018587334,1.0,6.123233995736766e-17,0.7485107481711011,0.6631226582407953,0,0,1,1.0,0.02,0.98,0.0,0.0,222322.22,215309.4734375,229334.9640625,14025.490624999977,15404.78125
2026-02-16,238578.0,0,2,0,0.0,0.0,1.0,Maha Shivaratri,237727.0,238912.0,244206.0,238975.0,232988.0,236234.0,239877.42857142858,2125.142023268769,237238.64285714287,235693.63333333333,5301.38786957159,-178.28571428571428,49.766666666666666,-0.0007432336260808301,0.00021114891740569967,0.8660254037844386,0.5000000000000001,0.0,1.0,1.0,6.123233995736766e-17,0.8229838658936564,0.5680647467311559,0,0,3,0.0,0.98,0.02,0.0,0.0,231598.08,223476.853125,239719.303125,16242.450000000012,6979.921875
2026-02-17,243151.0,1,2,0,0.0,0.0,1.0,Maha Shivaratri,238578.0,237727.0,238912.0,240780.0,235520.0,231836.0,239820.7142857143,2158.2783813595124,237637.92857142858,235771.76666666666,5326.838738280024,-314.57142857142856,224.73333333333332,-0.0013116886830216732,0.0009531776570746155,0.8660254037844386,0.5000000000000001,0.7818314824680298,0.6234898018587336,1.0,6.123233995736766e-17,0.8229838658936564,0.5680647467311559,0,0,3,0.0,0.9833333333333333,0.016666666666666666,0.0,0.0,232846.2,224724.978125,240967.428125,16242.450000000012,10304.796875
2026-02-18,239955.0,2,2,0,0.0,0.0,0.0,none,243151.0,238578.0,237727.0,239740.0,234928.0,239120.0,240159.42857142858,2493.8750207383755,238183.0,236148.93333333332,5437.977254094955,487.2857142857143,134.36666666666667,0.002029000852406397,0.0005689887977948473,0.8660254037844386,0.5000000000000001,0.9749279121818236,-0.22252093395631434,1.0,6.123233995736766e-17,0.8229838658936564,0.5680647467311559,0,0,3,0.0,0.9766666666666667,0.023333333333333334,0.0,0.0,231646.14,223524.915625,239767.365625,16242.450000000012,8308.859375
2026-02-19,235720.0,3,2,0,0.0,0.0,0.0,none,239955.0,243151.0,238578.0,238802.0,235926.0,241056.0,240190.14285714287,2489.1679619648717,238542.07142857142,236176.76666666666,5455.816154266704,164.71428571428572,-36.7,0.0006857633622745694,-0.00015539142620396248,0.8660254037844386,0.5000000000000001,0.43388373911755823,-0.900968867902419,1.0,6.123233995736766e-17,0.8229838658936564,0.5680647467311559,0,0,3,0.0,0.9633333333333334,0.03,0.006666666666666667,0.0,228128.84,220007.61875,236250.06875,16242.450000000012,7591.15625
2026-02-20,238871.0,4,2,0,0.0,0.0,0.0,none,235720.0,239955.0,243151.0,244206.0,240039.0,241094.0,239749.85714285713,2996.4984803721213,238527.35714285713,235998.9,5377.682453978144,-1212.2857142857142,-179.13333333333333,-0.005056439542000744,-0.0007590398696496623,0.8660254037844386,0.5000000000000001,-0.433883739117558,-0.9009688679024191,1.0,6.123233995736766e-17,0.8229838658936564,0.5680647467311559,0,0,1,1.0,0.016666666666666666,0.9833333333333333,0.0,0.0,227283.66,220270.9109375,234296.4015625,14025.490624999977,11587.34375
2026-02-21,236034.0,5,2,1,0.0,0.0,0.0,none,238871.0,235720.0,239955.0,238912.0,235957.0,241522.0,238987.7142857143,2262.8583483676834,238443.92857142858,235924.8,5320.06215545396,-5.857142857142857,-88.36666666666666,-2.45080311622605e-05,-0.00037455279018516275,0.8660254037844386,0.5000000000000001,-0.9749279121818236,-0.2225209339563146,1.0,6.123233995736766e-17,0.8229838658936564,0.5680647467311559,0,0,1,1.0,0.013333333333333334,0.98,0.0,0.006666666666666667,227799.06,220786.3171875,234811.8078125,14025.490624999977,8234.9375
2026-02-22,227112.0,6,2,1,0.0,0.0,0.0,none,236034.0,238871.0,235720.0,237727.0,226841.0,228472.0,238576.57142857142,2525.159853500319,238449.42857142858,235741.86666666667,5214.264643712979,-241.85714285714286,252.06666666666666,-0.0010137463526388242,0.0010692440888278557,0.8660254037844386,0.5000000000000001,-0.7818314824680299,0.6234898018587334,1.0,6.123233995736766e-17,0.8229838658936564,0.5680647467311559,0,0,1,1.0,0.013333333333333334,0.9833333333333333,0.0,0.0033333333333333335,226250.31,219237.5671875,233263.0578125,14025.490624999977,861.6875
2026-02-23,239890.0,0,2,0,0.0,0.0,0.0,none,227112.0,236034.0,238871.0,238578.0,238975.0,232815.0,237060.14285714287,5047.711211648908,238468.7857142857,235696.53333333333,5285.080175771267,-1638.0,-190.1,-0.0069096098173587524,-0.0008065421700071533,0.8660254037844386,0.5000000000000001,0.0,1.0,1.0,6.123233995736766e-17,0.8854560256532099,0.4647231720437686,0,0,3,0.0,0.9866666666666667,0.013333333333333334,0.0,0.0,232408.95,224287.728125,240530.178125,16242.450000000012,7481.046875
2026-02-24,233036.0,1,2,0,0.0,0.0,0.0,none,239890.0,227112.0,236034.0,243151.0,240780.0,230729.0,237247.57142857142,5137.032634287023,238534.14285714287,235932.36666666667,5309.859109000317,-465.85714285714283,305.3666666666667,-0.0019635824993677518,0.0012942919900689475,0.8660254037844386,0.5000000000000001,0.7818314824680298,0.6234898018587336,1.0,6.123233995736766e-17,0.8854560256532099,0.4647231720437686,0,0,3,0.0,0.98,0.02,0.0,0.0,233499.69,225378.4625,241620.9125,16242.450000000012,463.6875
2026-02-24,233036.0,1,2,0,0.0,0.0,0.0,none,233036.0,239890.0,227112.0,239955.0,239740.0,220642.0,235802.57142857142,4593.57006612468,237981.0,236009.26666666666,5248.2509922947875,-988.4285714285714,413.1333333333333,-0.0041917455509276795,0.0017504888205428352,0.8660254037844386,0.5000000000000001,0.7818314824680298,0.6234898018587336,1.0,6.123233995736766e-17,0.8854560256532099,0.4647231720437686,0,0,3,0.0,0.9766666666666667,0.023333333333333334,0.0,0.0,235019.42,226898.196875,243140.646875,16242.450000000012,1983.421875
2026-02-25,235637.0,2,2,0,0.0,0.0,0.0,none,233036.0,233036.0,239890.0,235720.0,238802.0,232705.0,234814.14285714287,4285.199973109734,237502.14285714287,236422.4,4419.186503383398,-383.42857142857144,11.033333333333333,-0.0016328954204705708,4.666768743421055e-05,0.8660254037844386,0.5000000000000001,0.9749279121818236,-0.22252093395631434,1.0,6.123233995736766e-17,0.8854560256532099,0.4647231720437686,0,0,3,0.0,0.98,0.02,0.0,0.0,232060.58,223939.353125,240181.803125,16242.450000000012,3576.421875
2026-02-26,233599.0,3,2,0,0.0,0.0,0.0,none,235637.0,233036.0,233036.0,238871.0,244206.0,230023.0,234802.2857142857,4282.389625521919,237276.07142857142,236520.13333333333,4366.243186971819,-462.0,187.13333333333333,-0.0019676044932444973,0.0007911907519469014,0.8660254037844386,0.5000000000000001,0.43388373911755823,-0.900968867902419,1.0,6.123233995736766e-17,0.8854560256532099,0.4647231720437686,0,0,3,0.0,0.9766666666666667,0.023333333333333334,0.0,0.0,233921.39,225800.165625,242042.615625,16242.450000000012,322.390625
2026-02-27,240571.0,4,2,0,0.0,0.0,0.0,none,233599.0,235637.0,233036.0,236034.0,238912.0,235696.0,234049.14285714287,3893.500071855627,236518.42857142858,236639.33333333334,4229.422095786778,-347.85714285714283,-69.9,-0.001486250504318061,-0.0002953849794554606,0.8660254037844386,0.5000000000000001,-0.433883739117558,-0.9009688679024191,1.0,6.123233995736766e-17,0.8854560256532099,0.4647231720437686,0,0,1,1.0,0.02,0.98,0.0,0.0,231306.94,224294.1921875,238319.6828125,14025.490624999977,9264.0625
2026-02-28,234314.0,5,2,1,0.0,1.0,0.0,Holika Dahan,240571.0,233599.0,235637.0,227112.0,237727.0,240555.0,234697.2857142857,4593.662217821899,236636.92857142858,236801.83333333334,4285.212199170008,1922.7142857142858,0.5333333333333333,0.008192280910202035,2.2522253041735847e-06,0.8660254037844386,0.5000000000000001,-0.9749279121818236,-0.2225209339563146,1.0,6.123233995736766e-17,0.8854560256532099,0.4647231720437686,0,1,1,1.0,0.03,0.97,0.0,0.0,231557.72,224544.9734375,238570.4640625,14025.490624999977,2756.28125
2026-03-01,223346.0,6,3,1,0.0,1.0,0.0,Holika Dahan,234314.0,240571.0,233599.0,239890.0,238578.0,238737.0,235726.14285714287,3209.644706641653,236393.14285714287,236593.8,4248.054251548536,-796.5714285714286,-147.43333333333334,-0.0033792096188692737,-0.0006231469725172884,1.0,6.123233995736766e-17,-0.7818314824680299,0.6234898018587334,1.0,6.123233995736766e-17,0.8854560256532099,0.4647231720437686,1,0,1,1.0,0.013333333333333334,0.9866666666666667,0.0,0.0,223906.16,216893.4109375,230918.9015625,14025.490624999977,560.15625
2026-03-02,234382.0,0,3,0,1.0,0.0,0.0,none,223346.0,234314.0,240571.0,233036.0,243151.0,228232.0,233362.7142857143,5141.993508174747,235305.14285714287,236080.76666666666,4864.891058657523,-1384.2857142857142,-162.86666666666667,-0.0059318807061447916,-0.0006898739744548958,1.0,6.123233995736766e-17,0.0,1.0,1.0,6.123233995736766e-17,0.9350162426854148,0.35460488704253557,1,0,3,0.0,0.9866666666666667,0.006666666666666667,0.006666666666666667,0.0,227122.19,219000.9625,235243.4125,16242.450000000012,7259.8125
2026-03-03,225979.0,1,3,0,1.0,0.0,0.0,none,234382.0,223346.0,234314.0,233036.0,239955.0,232988.0,233555.0,5152.895108578863,234678.7857142857,236285.76666666666,4647.467628443826,192.28571428571428,46.46666666666667,0.0008232959730673341,0.0001966536989023084,1.0,6.123233995736766e-17,0.7818314824680298,0.6234898018587336,1.0,6.123233995736766e-17,0.9350162426854148,0.35460488704253557,1,0,3,0.0,0.9866666666666667,0.013333333333333334,0.0,0.0,229759.23,221638.009375,237880.459375,16242.450000000012,3780.234375
2026-03-04,209874.0,2,3,0,0.0,0.0,1.0,Holi,225979.0,234382.0,223346.0,235637.0,235720.0,235520.0,232546.85714285713,5906.5771088569745,233680.5,236052.13333333333,4983.027550373204,-1379.7142857142858,-318.03333333333336,-0.005933033753420956,-0.0013472955382644077,1.0,6.123233995736766e-17,0.9749279121818236,-0.22252093395631434,1.0,6.123233995736766e-17,0.9350162426854148,0.35460488704253557,0,0,3,0.0,0.9833333333333333,0.016666666666666666,0.0,0.0,228085.94,219964.7125,236207.1625,16242.450000000012,18211.9375
2026-03-05,222190.0,3,3,0,0.0,0.0,1.0,Holi,209874.0,225979.0,234382.0,233599.0,238871.0,234928.0,228866.42857142858,10157.234742737022,231834.35714285713,235197.26666666666,6906.203937254658,-3389.285714285714,-835.1333333333333,-0.014808947413100034,-0.0035507631292067345,1.0,6.123233995736766e-17,0.43388373911755823,-0.900968867902419,1.0,6.123233995736766e-17,0.9350162426854148,0.35460488704253557,0,0,3,0.0,0.96,0.03666666666666667,0.0033333333333333335,0.0,213233.0,205111.775,221354.225,16242.450000000012,8957.0
2026-03-06,234068.0,4,3,0,0.0,0.0,0.0,none,222190.0,209874.0,225979.0,240571.0,236034.0,235926.0,227236.57142857142,10186.583756052083,230642.85714285713,234772.66666666666,7303.475456732237,-2625.8571428571427,-457.8666666666667,-0.011555558908455154,-0.00195024711743651,1.0,6.123233995736766e-17,-0.433883739117558,-0.9009688679024191,1.0,6.123233995736766e-17,0.9350162426854148,0.35460488704253557,0,0,1,1.0,0.04,0.94,0.02,0.0,222039.94,215027.1921875,229052.6828125,14025.490624999977,12028.0625
2026-03-07,238378.0,5,3,1,0.0,0.0,0.0,none,234068.0,222190.0,209874.0,234314.0,227112.0,240039.0,226307.57142857142,8994.619463086303,230502.42857142858,234710.73333333334,7301.235521012667,-35.142857142857146,-199.03333333333333,-0.0001552873447126553,-0.0008479905563590628,1.0,6.123233995736766e-17,-0.9749279121818236,-0.2225209339563146,1.0,6.123233995736766e-17,0.9350162426854148,0.35460488704253557,0,0,1,1.0,0.01,0.9766666666666667,0.013333333333333334,0.0,228393.84,221381.0984375,235406.5890625,14025.490624999977,9984.15625
2026-03-08,223392.0,6,3,1,0.0,0.0,0.0,none,238378.0,234068.0,222190.0,223346.0,239890.0,235957.0,226888.14285714287,9700.96198715401,231307.14285714287,234655.36666666667,7265.648080749382,2147.4285714285716,80.7,0.009464659896840748,0.00034390714024237713,1.0,6.123233995736766e-17,-0.7818314824680299,0.6234898018587334,1.0,6.123233995736766e-17,0.9350162426854148,0.35460488704253557,0,0,1,1.0,0.023333333333333334,0.9733333333333334,0.0033333333333333335,0.0,226844.45,219831.7078125,233857.1984375,14025.490624999977,3452.453125
2026-03-09,236441.0,0,3,0,0.0,0.0,0.0,none,223392.0,238378.0,234068.0,234382.0,233036.0,226841.0,226894.7142857143,9698.177813629658,230128.7142857143,234236.53333333333,7544.8227452628435,-1570.0,-114.96666666666667,-0.006919478426212168,-0.0004908123178665076,1.0,6.123233995736766e-17,0.0,1.0,1.0,6.123233995736766e-17,0.970941817426052,0.23931566428755804,0,0,3,0.0,1.0,0.0,0.0,0.0,232552.05,224430.821875,240673.271875,16242.450000000012,3888.953125
2026-03-10,235015.0,1,3,0,0.0,0.0,0.0,none,236441.0,223392.0,238378.0,225979.0,233036.0,238975.0,227188.85714285713,9989.948288631951,230371.92857142858,234556.53333333333,7422.937232254288,1494.5714285714287,-84.46666666666667,0.006578512999511422,-0.00036011065373300026,1.0,6.123233995736766e-17,0.7818314824680298,0.6234898018587336,1.0,6.123233995736766e-17,0.970941817426052,0.23931566428755804,0,0,3,0.0,0.9633333333333334,0.03333333333333333,0.0033333333333333335,0.0,229936.52,221815.290625,238057.740625,16242.450000000012,5078.484375
2026-03-11,236562.0,2,3,0,0.0,0.0,0.0,none,235015.0,236441.0,223392.0,209874.0,235637.0,240780.0,228479.7142857143,10383.600639378987,230513.2857142857,234424.53333333333,7376.721403931998,3591.5714285714284,-192.16666666666666,0.015719363622437654,-0.0008197343690946066,1.0,6.123233995736766e-17,0.9749279121818236,-0.22252093395631434,1.0,6.123233995736766e-17,0.970941817426052,0.23931566428755804,0,0,3,0.0,0.9033333333333333,0.05333333333333334,0.03666666666666667,0.006666666666666667,230862.66,222741.43125,238983.88125,16242.450000000012,5699.34375
2026-03-12,236770.0,3,3,0,0.0,0.0,0.0,none,236562.0,235015.0,236441.0,222190.0,233599.0,239740.0,232292.2857142857,6637.215849896033,230579.35714285713,234283.93333333332,7291.110075516456,2053.1428571428573,-105.93333333333334,0.008838580292278297,-0.00045215597873131126,1.0,6.123233995736766e-17,0.43388373911755823,-0.900968867902419,1.0,6.123233995736766e-17,0.970941817426052,0.23931566428755804,0,0,3,0.0,0.9366666666666666,0.04666666666666667,0.016666666666666666,0.0,228119.83,219998.603125,236241.053125,16242.450000000012,8650.171875
2026-03-13,237362.0,4,3,0,0.0,0.0,0.0,none,236770.0,236562.0,235015.0,234068.0,240571.0,238802.0,234375.14285714287,5032.254247307011,230805.85714285713,234184.93333333332,7234.415191829982,386.0,-67.73333333333333,0.0016469253026118577,-0.00028922887198747207,1.0,6.123233995736766e-17,-0.433883739117558,-0.9009688679024191,1.0,6.123233995736766e-17,0.970941817426052,0.23931566428755804,0,0,1,1.0,0.02,0.98,0.0,0.0,227784.14,220771.3953125,234796.8859375,14025.490624999977,9577.859375
2026-03-14,230534.0,5,3,1,0.0,0.0,0.0,none,237362.0,236770.0,236562.0,238378.0,234314.0,244206.0,234845.7142857143,5151.349555030298,230576.64285714287,234136.93333333332,7207.451746978391,-145.14285714285714,-228.13333333333333,-0.0006180323092205432,-0.0009743544332414881,1.0,6.123233995736766e-17,-0.9749279121818236,-0.2225209339563146,1.0,6.123233995736766e-17,0.970941817426052,0.23931566428755804,0,0,1,1.0,0.013333333333333334,0.9866666666666667,0.0,0.0,228713.81,221701.0671875,235726.5578125,14025.490624999977,1820.1875
2026-03-15,216329.0,6,3,1,0.0,0.0,0.0,none,230534.0,237362.0,236770.0,223392.0,223346.0,238912.0,233725.14285714287,5107.877720691782,230306.64285714287,233681.2,6977.39626073188,1020.2857142857143,-279.26666666666665,0.004365304205226752,-0.0011950703419715608,1.0,6.123233995736766e-17,-0.7818314824680299,0.6234898018587334,1.0,6.123233995736766e-17,0.970941817426052,0.23931566428755804,0,0,1,1.0,0.0,1.0,0.0,0.0,216492.75,209480.0046875,223505.4953125,14025.490624999977,163.75
2026-03-16,224638.0,0,3,0,0.0,0.0,0.0,none,216329.0,230534.0,237362.0,236441.0,234382.0,237727.0,232716.14285714287,7585.818642454232,229805.42857142858,232928.43333333332,7585.320545054773,-2873.1428571428573,-713.2666666666667,-0.012346073099163914,-0.0030621577379014503,1.0,6.123233995736766e-17,0.0,1.0,1.0,6.123233995736766e-17,0.992708874098054,0.120536680255323,0,0,3,0.0,0.9833333333333333,0.013333333333333334,0.0033333333333333335,0.0,224431.89,216310.665625,232553.115625,16242.450000000012,206.109375
2026-03-17,221412.0,1,3,0,0.0,0.0,0.0,none,224638.0,216329.0,230534.0,235015.0,225979.0,238578.0,231030.0,7924.099885792437,229109.42857142858,232492.13333333333,7675.689023245753,-1482.4285714285713,-464.6666666666667,-0.0064165786038608294,-0.001998625335744683,1.0,6.123233995736766e-17,0.7818314824680298,0.6234898018587336,1.0,6.123233995736766e-17,0.992708874098054,0.120536680255323,0,0,3,0.0,0.9866666666666667,0.013333333333333334,0.0,0.0,224066.02,215944.790625,232187.240625,16242.450000000012,2654.015625
2026-03-18,222527.0,2,3,0,0.0,1.0,0.0,Eid ul Fitr,221412.0,224638.0,216329.0,236562.0,209874.0,243151.0,229086.7142857143,8435.434561308088,228783.2142857143,231919.93333333332,7844.345764824986,-2164.285714285714,-724.6333333333333,-0.009447410661169085,-0.00312448437887165,1.0,6.123233995736766e-17,0.9749279121818236,-0.22252093395631434,1.0,6.123233995736766e-17,0.992708874098054,0.120536680255323,0,0,3,0.0,0.97,0.02,0.01,0.0,215799.47,207678.24375,223920.69375,16242.450000000012,6727.53125
2026-03-19,208390.0,3,3,0,0.0,1.0,0.0,Eid ul Fitr,222527.0,221412.0,224638.0,236770.0,222190.0,239955.0,227081.7142857143,8020.2776077126955,229687.0,231232.46666666667,7729.011801637554,-2034.7142857142858,-580.9333333333333,-0.00896023412488464,-0.0025123237639764944,1.0,6.123233995736766e-17,0.43388373911755823,-0.900968867902419,1.0,6.123233995736766e-17,0.992708874098054,0.120536680255323,0,0,3,0.0,0.98,0.016666666666666666,0.0033333333333333335,0.0,219463.95,211342.728125,227585.178125,16242.450000000012,11073.953125
2026-03-20,199609.0,4,3,0,1.0,0.0,0.0,none,208390.0,222527.0,221412.0,237362.0,234068.0,235720.0,223027.42857142858,9366.658882390424,228701.2857142857,230180.3,8600.070437360084,-4138.857142857143,-911.0,-0.018557531743230684,-0.003957749825898108,1.0,6.123233995736766e-17,-0.433883739117558,-0.9009688679024191,1.0,6.123233995736766e-17,0.992708874098054,0.120536680255323,0,0,1,1.0,0.043333333333333335,0.9233333333333333,0.03333333333333333,0.0,209167.38,202154.6296875,216180.1203125,14025.490624999977,9558.375
2026-03-21,200141.0,5,3,1,0.0,0.0,1.0,Eid ul Fitr,199609.0,208390.0,222527.0,230534.0,238378.0,238871.0,217634.14285714287,10533.564882928906,226239.92857142858,228976.6,10179.974309294745,-4417.857142857143,-1308.7333333333333,-0.020299373919390646,-0.0057155517977886625,1.0,6.123233995736766e-17,-0.9749279121818236,-0.2225209339563146,1.0,6.123233995736766e-17,0.992708874098054,0.120536680255323,0,0,1,1.0,0.04,0.8733333333333333,0.08,0.006666666666666667,205934.05,198921.3015625,212946.7921875,14025.490624999977,5793.046875
2026-03-22,194118.0,6,3,1,0.0,0.0,1.0,Eid ul Fitr,200141.0,199609.0,208390.0,216329.0,223392.0,236034.0,213292.2857142857,10593.847297910455,223508.7142857143,227685.6,11278.476109461577,-2312.5714285714284,-1196.4333333333334,-0.010842213906673105,-0.005254737579345176,1.0,6.123233995736766e-17,-0.7818314824680299,0.6234898018587334,1.0,6.123233995736766e-17,0.992708874098054,0.120536680255323,0,0,1,1.0,0.056666666666666664,0.7133333333333334,0.17666666666666667,0.05333333333333334,201009.14,193996.3953125,208021.8859375,14025.490624999977,6891.140625
2026-03-23,210735.0,0,3,0,0.0,0.0,0.0,none,194118.0,200141.0,199609.0,224638.0,236441.0,227112.0,210119.2857142857,12657.894107556418,221417.7142857143,226288.4,12713.608822153197,-4360.0,-1099.8,-0.020750019376656364,-0.004860148111223946,1.0,6.123233995736766e-17,0.0,1.0,1.0,6.123233995736766e-17,1.0,-1.6081226496766366e-16,0,0,3,0.0,0.7466666666666667,0.023333333333333334,0.17333333333333334,0.056666666666666664,208164.88,200043.65,216286.1,16242.450000000012,2570.125
2026-03-24,217043.0,1,3,0,0.0,1.0,0.0,Ram Navami,210735.0,194118.0,200141.0,221412.0,235015.0,239890.0,208133.14285714287,10979.574937562025,219581.57142857142,225742.5,13024.81631282116,-1525.2857142857142,-971.8333333333334,-0.007328378195655411,-0.004305033515176886,1.0,6.123233995736766e-17,0.7818314824680298,0.6234898018587336,1.0,6.123233995736766e-17,1.0,-1.6081226496766366e-16,0,0,3,0.0,0.7866666666666666,0.023333333333333334,0.13333333333333333,0.056666666666666664,212642.56,204521.3375,220763.7875,16242.450000000012,4400.4375
2026-03-25,218742.0,2,3,0,0.0,1.0,0.0,Ram Navami,217043.0,210735.0,194118.0,222527.0,236562.0,233036.0,207509.0,10195.072518951647,218297.85714285713,224980.93333333332,12835.64459091721,-783.4285714285714,-533.1,-0.0037753774344782007,-0.0023695235973021835,1.0,6.123233995736766e-17,0.9749279121818236,-0.22252093395631434,1.0,6.123233995736766e-17,1.0,-1.6081226496766366e-16,0,0,3,0.0,0.82,0.016666666666666666,0.11666666666666667,0.04666666666666667,218864.61,210743.384375,226985.834375,16242.450000000012,122.609375
2026-03-26,223004.0,3,3,0,1.0,0.0,0.0,none,218742.0,217043.0,210735.0,208390.0,236770.0,233036.0,206968.2857142857,9329.437134045742,217025.0,224504.46666666667,12791.55023559928,1478.857142857143,-476.46666666666664,0.007145297611446833,-0.0021222942752396226,1.0,6.123233995736766e-17,0.43388373911755823,-0.900968867902419,1.0,6.123233995736766e-17,1.0,-1.6081226496766366e-16,0,0,3,0.0,0.77,0.043333333333333335,0.14,0.04666666666666667,216422.27,208301.040625,224543.490625,16242.450000000012,6581.734375
2026-03-27,224062.0,4,3,0,0.0,0.0,1.0,Ram Navami,223004.0,218742.0,217043.0,199609.0,237362.0,235637.0,209056.0,11156.787082310771,216041.7142857143,224170.06666666668,12691.564676052045,3342.1428571428573,-421.1,0.01598675412515657,-0.0018784761399478851,1.0,6.123233995736766e-17,-0.433883739117558,-0.9009688679024191,1.0,6.123233995736766e-17,1.0,-1.6081226496766366e-16,0,0,1,1.0,0.023333333333333334,0.7866666666666666,0.14,0.05,221196.6,214183.8484375,228209.3390625,14025.490624999977,2865.40625
2026-03-28,216521.0,5,3,1,0.0,0.0,1.0,Ram Navami,224062.0,223004.0,218742.0,200141.0,230534.0,233599.0,212549.2857142857,11527.910329779865,215091.7142857143,223784.23333333334,12505.521127397762,3417.285714285714,-317.9,0.016077539970373398,-0.0014205584312459102,1.0,6.123233995736766e-17,-0.9749279121818236,-0.2225209339563146,1.0,6.123233995736766e-17,1.0,-1.6081226496766366e-16,0,1,1,1.0,0.0,0.8266666666666667,0.12666666666666668,0.04666666666666667,221887.44,214874.6921875,228900.1828125,14025.490624999977,5366.4375
2026-03-29,206267.0,6,3,1,0.0,0.0,0.0,none,216521.0,224062.0,223004.0,194118.0,216329.0,240571.0,214889.2857142857,10172.152012796776,214090.7857142857,223214.96666666667,12431.823289814398,3200.4285714285716,-801.6666666666666,0.014893314329172628,-0.0035914396207320292,1.0,6.123233995736766e-17,-0.7818314824680299,0.6234898018587334,1.0,6.123233995736766e-17,1.0,-1.6081226496766366e-16,0,1,1,1.0,0.01,0.81,0.12666666666666668,0.05333333333333334,209128.62,202115.8796875,216141.3703125,14025.490624999977,2861.625
2026-03-30,226325.0,0,3,0,0.0,1.0,0.0,Mahavir Jayanti,206267.0,216521.0,224062.0,210735.0,224638.0,234314.0,216624.85714285713,6359.351419461542,213372.07142857142,222071.5,12357.788106262698,-638.2857142857143,-934.9,-0.0029464890420019775,-0.004209886410969391,1.0,6.123233995736766e-17,0.0,1.0,1.0,6.123233995736766e-17,0.992708874098054,-0.12053668025532288,0,1,3,0.0,0.7866666666666666,0.03333333333333333,0.13,0.05,216042.34,207921.11875,224163.56875,16242.450000000012,10282.65625
2026-03-31,216186.0,1,3,0,1.0,0.0,0.0,none,226325.0,206267.0,216521.0,217043.0,221412.0,223346.0,218852.0,6674.944444214547,213492.57142857142,221805.2,12169.519392090246,1326.0,99.3,0.00605886142753355,0.0004476881169236928,1.0,6.123233995736766e-17,0.7818314824680298,0.6234898018587336,1.0,6.123233995736766e-17,0.992708874098054,-0.12053668025532288,0,1,3,0.0,0.8366666666666667,0.016666666666666666,0.09666666666666666,0.05,221899.52,213778.290625,230020.740625,16242.450000000012,5713.515625
